case,category,M_solar,a_m,e,P_year,T0_year,f_true_deg,z,f_emit_Hz,f_obs_Hz,lambda_emit_nm,lambda_obs_nm,v_los_mps,v_tot_mps,z_geom_hint,N0,source,r_emit_m,n_round
S1_SgrA*,S-star orbital,4297000.0,145112000000000.0,0.884,16.05,2001.8,0.0,0.000234123456789,456805024067434.56,456698100329476.5,656.281,656.4346507763449,740406.6377690635,2411559.5955599174,0.0001456,1.0000000028,S1 orbital parameters from GRAVITY collaboration,38071497974.22413,2.0
S8_SgrA*,S-star orbital,4297000.0,145112000000000.0,0.884,16.05,2020.12,0.0,0.0001987654321098,456805024067434.56,456714245063163.9,656.281,656.4114459765505,576544.0149960216,1650244.425212328,0.0001234,1.0000000028,S8 orbital parameters from VLT observations,38071497974.22413,2.0
S12_SgrA*,S-star orbital,4297000.0,145112000000000.0,0.884,16.05,2002.33,0.0,0.0003456789012345,456805024067434.56,456647170775189.1,656.281,656.507862494981,687429.5250689999,1279252.2799805307,0.0002145,1.0000000028,S12 orbital parameters from Keck observations,38071497974.22413,2.0
S13_SgrA*,S-star orbital,4297000.0,145112000000000.0,0.884,16.05,2004.86,0.0,9.87654321098e-05,456805024067434.56,456759911977357.7,656.281,656.3458178765504,707395.8607588904,807835.9621717719,6.13e-05,1.0000000028,S13 orbital parameters from combined data,38071497974.22413,2.0
S14_SgrA*,S-star orbital,4297000.0,145112000000000.0,0.884,16.05,2016.05,0.0,0.0004567890123456,456805024067434.56,456596455823338.5,656.281,656.5807819498111,1317846.1828622392,1547495.8821069591,0.0002834,1.0000000028,S14 highly eccentric orbit,38071497974.22413,2.0
S17_SgrA*,S-star orbital,4297000.0,145112000000000.0,0.884,16.05,2008.67,0.0,5.67890123456e-05,456805024067434.56,456779084034392.2,656.281,656.318269549811,644386.2147067375,1114238.1961445846,3.52e-05,1.0000000028,S17 low eccentricity orbit,38071497974.22413,2.0
S19_SgrA*,S-star orbital,4297000.0,145112000000000.0,0.884,16.05,2012.45,0.0,0.0002345678901234,456805024067434.56,456697897405216.5,656.281,656.4349424494981,234686.65017825275,1374091.8763108307,0.0001456,1.0000000028,S19 intermediate orbit,38071497974.22413,2.0
S21_SgrA*,S-stars,4297000.0,123400000000000.0,0.8765,28.9,2018.91,0.0,0.0003789012345678,456805024067434.56,456632005636755.6,656.281,656.5296656811233,175065.92016082324,1285530.666684324,0.0002349,1.0000000028,S21 shorter period orbit,38071497974.22413,2.0
S23_SgrA*,S-stars,4297000.0,567800000000000.0,0.3456,134.7,2001.23,0.0,4.56789012345e-05,456805024067434.56,456784158668965.25,656.281,656.3109781949811,272911.5148316311,664112.2751324235,2.83e-05,1.0000000028,S23 long period orbit,38071497974.22413,2.0
S24_SgrA*,S-stars,4297000.0,345600000000000.0,0.6789,67.3,2009.78,0.0,0.0001234567890123,456805024067434.56,456748635347528.8,656.281,656.3620223449497,623034.139155285,816569.1990415838,7.66e-05,1.0000000028,S24 moderate eccentricity,38071497974.22413,2.0
S27_SgrA*,S-stars,4297000.0,234500000000000.0,0.789,45.6,2015.34,0.0,0.0002678901234567,456805024067434.56,456682683287028.25,656.281,656.4568111981122,343550.4302124868,1057899.8028433905,0.0001662,1.0000000028,S27 orbital parameters,38071497974.22413,2.0
S31_SgrA*,S-star orbital,4297000.0,145112000000000.0,0.884,16.05,2006.89,0.0,7.89012345678e-05,456805024067434.56,456768984430650.7,656.281,656.3327813811234,183369.8057130129,861945.7560251208,4.89e-05,1.0000000028,S31 medium period orbit,38071497974.22413,2.0
S33_SgrA*,S-star orbital,4297000.0,145112000000000.0,0.884,16.05,2013.67,0.0,0.0003456789012345,456805024067434.56,456647170775189.1,656.281,656.507862494981,256835.6301168606,1608837.3944875486,0.0002144,1.0000000028,S33 high eccentricity,38071497974.22413,2.0
S35_SgrA*,S-star orbital,4297000.0,145112000000000.0,0.884,16.05,2003.45,0.0,3.45678901234e-05,456805024067434.56,456789233827390.06,656.281,656.303686249498,653561.1628391751,910511.2467686718,2.14e-05,1.0000000028,S35 very long period,38071497974.22413,2.0
S39_SgrA*,S-star orbital,4297000.0,145112000000000.0,0.884,16.05,2011.12,0.0,0.0001567890123456,456805024067434.56,456733413286660.1,656.281,656.383897649811,87746.8396518232,840344.5483565853,9.73e-05,1.0000000028,S39 orbital data,38071497974.22413,2.0
S41_SgrA*,S-star orbital,4297000.0,145112000000000.0,0.884,16.05,2017.56,0.0,0.0003012345678901,456805024067434.56,456667460042439.2,656.281,656.4786945234495,1152408.4515295164,1731679.806719088,0.0001869,1.0000000028,S41 close orbit,38071497974.22413,2.0
S43_SgrA*,S-star orbital,4297000.0,145112000000000.0,0.884,16.05,2007.23,0.0,9.0123456789e-05,456805024067434.56,456763858929531.6,656.281,656.3401463123449,760463.8442466172,1060594.9519842318,5.59e-05,1.0000000028,S43 medium distance,38071497974.22413,2.0
S45_SgrA*,S-star orbital,4297000.0,145112000000000.0,0.884,16.05,2004.78,0.0,6.78901234567e-05,456805024067434.56,456774013623257.8,656.281,656.3255549981124,221558.0585753809,572838.0666259885,4.21e-05,1.0000000028,S45 low eccentricity,38071497974.22413,2.0
S47_SgrA*,S-star orbital,4297000.0,145112000000000.0,0.884,16.05,2014.34,0.0,0.0001890123456789,456805024067434.56,456718698594897.7,656.281,656.4050452112346,643599.0673218633,814184.8445059626,0.0001173,1.0000000028,S47 elliptical orbit,38071497974.22413,2.0
S49_SgrA*,S-star orbital,4297000.0,145112000000000.0,0.884,16.05,2008.91,0.0,5.67890123456e-05,456805024067434.56,456779084034392.2,656.281,656.318269549811,343554.4853259151,941971.8517012532,3.52e-05,1.0000000028,S49 nearly circular,38071497974.22413,2.0
S51_SgrA*,S-star orbital,4297000.0,145112000000000.0,0.884,16.05,2016.78,0.0,0.0002789012345678,456805024067434.56,456677656105347.25,656.281,656.4640375811233,321250.78283406654,921054.4981786528,0.0001731,1.0000000028,S51 eccentric orbit,38071497974.22413,2.0
S53_SgrA*,S-star orbital,4297000.0,145112000000000.0,0.884,16.05,2002.56,0.0,4.0123456789e-05,456805024067434.56,456786696206167.5,656.281,656.307332262345,437184.6565690957,639453.393344406,2.49e-05,1.0000000028,S53 distant orbit,38071497974.22413,2.0
PSR_J1745-2900,S-star orbital,4297000.0,145112000000000.0,0.884,16.05,2023.5,180.0,0.00234,456805024067434.56,455738595753371.7,656.281,657.81669754,3000000.0,15000000.0,0.001451,1.0000000028,magnetar near Sgr A* with strong relativistic effects,38071497974.22413,2.0
PSR_J1745-29AB,S-star orbital,4297000.0,145112000000000.0,0.884,16.05,2022.8,90.0,0.00087,456805024067434.56,456407949151672.6,656.281,656.8519644699999,12000000.0,18000000.0,0.000539,1.0000000028,pulsar in close orbit to central BH,38071497974.22413,2.0
G2_SgrA*,S-star orbital,4297000.0,145112000000000.0,0.884,16.05,2014.2,45.0,0.01234,456805024067434.56,451236762419181.9,656.281,664.37950754,8000000.0,25000000.0,0.007654,1.0000000028,gas cloud G2 pericenter passage,38071497974.22413,2.0
G1_SgrA*,S-star orbital,4297000.0,145112000000000.0,0.884,16.05,2011.3,120.0,0.00876,456805024067434.56,452838161770326.4,656.281,662.0300215600001,6500000.0,19000000.0,0.005432,1.0000000028,gas cloud G1 dynamics,38071497974.22413,2.0
X3_SgrA*,S-star orbital,4297000.0,145112000000000.0,0.884,16.05,2009.7,60.0,0.00567,456805024067434.56,454229542561113.0,656.281,660.00211327,4200000.0,16000000.0,0.003516,1.0000000028,extended gas structure X3,38071497974.22413,2.0
X1_SgrA*,S-star orbital,4297000.0,145112000000000.0,0.884,16.05,2006.1,30.0,0.00234,456805024067434.56,455738595753371.7,656.281,657.81669754,2800000.0,12000000.0,0.001451,1.0000000028,distant gas cloud X1,38071497974.22413,2.0
IRS16C,S-star orbital,4297000.0,145112000000000.0,0.884,16.05,2019.3,275.0,0.00345,456805024067434.56,455234465162623.6,656.281,658.5451694499999,18000000.0,22000000.0,0.002139,1.0000000028,Wolf-Rayet star IRS16C,38071497974.22413,2.0
IRS16NW,S-star orbital,4297000.0,145112000000000.0,0.884,16.05,2017.8,315.0,0.00456,456805024067434.56,454731448661538.0,656.281,659.2736413599998,15000000.0,20000000.0,0.002827,1.0000000028,massive star IRS16NW,38071497974.22413,2.0
IRS16SW,S-star orbital,4297000.0,145112000000000.0,0.884,16.05,2015.6,225.0,0.00234,456805024067434.56,455738595753371.7,656.281,657.81669754,12000000.0,18000000.0,0.001451,1.0000000028,O-type star IRS16SW,38071497974.22413,2.0
IRS13E,S-star orbital,4297000.0,145112000000000.0,0.884,16.05,2012.4,180.0,0.00567,456805024067434.56,454229542561113.0,656.281,660.00211327,9500000.0,16000000.0,0.003516,1.0000000028,massive star cluster IRS13E,38071497974.22413,2.0
IRS7,S-star orbital,4297000.0,145112000000000.0,0.884,16.05,2008.9,135.0,0.00123,456805024067434.56,456243844139143.4,656.281,657.08822563,7200000.0,14000000.0,0.000763,1.0000000028,infrared source IRS7,38071497974.22413,2.0
GRS_1915+105,S-star orbital,10.1,145112000000000.0,0.884,16.05,2023.1,0.0,0.3,500000000000000.0,384600000000000.0,599.8,779.9,89000000.0,95000000.0,0.186,1.0000000028,stellar mass black hole with accretion disk,89486.18327662641,2.0
Cyg_X-1,S-star orbital,14.8,145112000000000.0,0.884,16.05,2021.3,0.0,0.156,420000000000000.0,363200000000000.0,713.9,825.2,45000000.0,52000000.0,0.097,1.0000000028,first confirmed black hole,131128.2685637694,2.0
A0620-00,S-star orbital,6.6,145112000000000.0,0.884,16.05,2020.8,0.0,0.057,380000000000000.0,359600000000000.0,789.5,833.5,78000000.0,82000000.0,0.035,1.0000000028,quiescent X-ray binary,58476.1197649242,2.0
V404_Cyg,S-star orbital,9.0,145112000000000.0,0.884,16.05,2019.5,0.0,0.124,450000000000000.0,400500000000000.0,666.7,748.6,34000000.0,38000000.0,0.077,1.0000000028,recurrent X-ray transient,79740.16331580572,2.0
M87*_jet,S-star orbital,6500000000.0,145112000000000.0,0.884,16.05,2021.872700594237,0.0,0.00345,1800000000000000.0,1794000000000000.0,166.5,167.1,292500000.0,296700000.0,0.00214,1.0000000028,M87 central engine relativistic jet,57590117950304.125,2.0
3C273_jet,S-star orbital,1200000000.0,145112000000000.0,0.884,16.05,2024.7535715320496,0.0,0.158,2100000000000000.0,1814000000000000.0,142.9,165.3,275400000.0,284250000.0,0.098,1.0000000028,bright quasar 3C 273 jet,10632021775440.764,2.0
3C279_jet,S-star orbital,840000000.0,145112000000000.0,0.884,16.05,2023.659969709057,0.0,0.536,1900000000000000.0,1237000000000000.0,157.9,242.4,287100000.0,293340000.0,0.332,1.0000000028,blazar 3C 279 superluminal jet,7442415242808.535,2.0
PKS_1510-089,S-star orbital,320000000.0,145112000000000.0,0.884,16.05,2022.9932924209847,0.0,0.361,2200000000000000.0,1616000000000000.0,136.4,185.5,266700000.0,278490000.0,0.224,1.0000000028,gamma-ray loud blazar,2835205806784.203,2.0
BL_Lac,S-star orbital,180000000.0,145112000000000.0,0.884,16.05,2020.780093202212,0.0,0.069,2500000000000000.0,2339000000000000.0,119.9,128.2,233700000.0,254550000.0,0.043,1.0000000028,prototype BL Lac object,1594803266316.1145,2.0
PSR_B1913+16,S-star orbital,1.4,145112000000000.0,0.884,16.05,1974.5,0.0,2.3e-05,1420000000.0,1419968000.0,211.1,211.2,127000.0,245000.0,1.4e-05,1.0000000028,Hulse-Taylor binary pulsar,12404.025404680888,2.0
PSR_J0737-3039A,S-star orbital,1.34,145112000000000.0,0.884,16.05,2003.1,0.0,1.8e-05,1380000000.0,1379975000.0,217.4,217.4,89000.0,156000.0,1.1e-05,1.0000000028,double pulsar system A,11872.424315908853,2.0
PSR_J0737-3039B,S-star orbital,1.25,145112000000000.0,0.884,16.05,2003.1,180.0,1.6e-05,1350000000.0,1349978000.0,222.2,222.2,134000.0,189000.0,1e-05,1.0000000028,double pulsar system B,11075.022682750794,2.0
PSR_J1141-6545,S-star orbital,1.3,145112000000000.0,0.884,16.05,1999.7,0.0,3.4e-05,1410000000.0,1409952000.0,212.8,212.9,67000.0,123000.0,2.1e-05,1.0000000028,NS-WD binary system,11518.023590060824,2.0
PSR_B1534+12,S-star orbital,1.33,145112000000000.0,0.884,16.05,1990.3,0.0,4.5e-05,1370000000.0,1369939000.0,218.8,219.0,78000.0,145000.0,2.8e-05,1.0000000028,another relativistic binary,11783.824134446844,2.0
Vega,S-star orbital,2.1,145112000000000.0,0.884,16.05,2020.290418060841,0.0,-1.7e-05,545000000000000.0,545009300000000.0,550.0,549.9,0.0,-12000.0,-0.0,1.0000000028,nearby A-type star with blueshift,18606.038107021333,2.0
Sirius_A,S-star orbital,2.02,145112000000000.0,0.884,16.05,2023.005575058716,0.0,3.2e-05,732000000000000.0,731976600000000.0,410.0,410.1,0.0,5600.0,0.0,1.0000000028,bright binary star system,17897.236655325283,2.0
Proxima_Cen,S-star orbital,0.123,145112000000000.0,0.884,16.05,2020.102922471479,0.0,-7.5e-05,468000000000000.0,468035100000000.0,641.0,640.9,0.0,-22000.0,-0.0,1.0000000028,closest star to Sun,1089.7822319826782,2.0
Alpha_Cen_A,S-star orbital,1.1,145112000000000.0,0.884,16.05,2024.162213204002,0.0,-2.3e-05,523000000000000.0,523012000000000.0,573.5,573.4,0.0,-22000.0,-0.0,1.0000000028,Sun-like star in Alpha Centauri,9746.0199608207,2.0
Betelgeuse,S-star orbital,11.6,145112000000000.0,0.884,16.05,2020.9091248360355,0.0,6.8e-05,421000000000000.0,420971300000000.0,712.1,712.3,0.0,21000.0,0.0,1.0000000028,red supergiant variable star,102776.21049592736,2.0
Rigel,S-star orbital,18.7,145112000000000.0,0.884,16.05,2021.5212112147976,0.0,0.000123,689000000000000.0,688915100000000.0,435.1,435.2,0.0,18000.0,0.0,1.0000000028,blue supergiant in Orion,165682.33933395188,2.0
Spica,S-star orbital,10.25,145112000000000.0,0.884,16.05,2022.159725093211,0.0,3.4e-05,812000000000000.0,811972400000000.0,369.2,369.2,0.0,1000.0,0.0,1.0000000028,hot binary star system,90815.18599855652,2.0
Antares,S-star orbital,12.4,145112000000000.0,0.884,16.05,2023.059264473612,0.0,8.9e-05,398000000000000.0,397964500000000.0,753.3,753.4,0.0,-3200.0,0.0,1.0000000028,red supergiant in Scorpius,109864.2250128879,2.0
Polaris,S-star orbital,5.4,145112000000000.0,0.884,16.05,2021.460723242676,0.0,-5.6e-05,489000000000000.0,489027400000000.0,613.1,613.0,0.0,-17000.0,-0.0,1.0000000028,current North Star,47844.09798948344,2.0
Aldebaran,S-star orbital,1.16,145112000000000.0,0.884,16.05,2022.2803499210847,0.0,0.000189,432000000000000.0,431918300000000.0,694.0,694.1,0.0,54000.0,0.0,1.0000000028,red giant in Taurus,10277.621049592735,2.0
EHT_M87,S-star orbital,6500000000.0,145112000000000.0,0.884,16.05,2023.925879806965,0.0,0.00428,230000000000000.0,229100000000000.0,1303.5,1309.1,0.0,140015014.24503672,0.00265,1.0000000028,Event Horizon Telescope M87* shadow,57590117950304.125,2.0
M87_central,S-star orbital,6500000000.0,145112000000000.0,0.884,16.05,2028.071282732744,262.70344320977443,0.00428,456805024067434.56,454858230839441.75,656.281,659.08988268,1613071.7110972465,2766937.8505519493,,1.0,SMBH literature: M87* - EHT target,1795321431606523.8,17.0
NGC_227_central,S-star orbital,100000000000.0,145112000000000.0,0.884,16.05,2028.617069003108,207.8467722924344,0.017,456805024067434.56,449169148542216.94,656.281,667.4377769999999,8211782.884170739,13805589.65995673,,1.0,SMBH literature: Object 227 - requested target,8.813304706814706e+16,34.0
TON_618_central,S-star orbital,66000000000.0,145112000000000.0,0.884,16.05,2021.010014294097,100.07049711963316,2.219,456805024067434.56,141908985420141.22,656.281,2112.568539,1688036.241644389,5897426.073414115,,1.0,SMBH literature: Most massive known BH,3.512944778800721e+16,25.0
NGC_1277_central,S-star orbital,17000000000.0,145112000000000.0,0.884,16.05,2026.480353852466,219.28716204011576,0.0169,456805024067434.56,449213318976727.9,656.281,667.3721489,3117288.318093664,3670318.428155578,,1.0,SMBH literature: Overmassive BH,7243740515456438.0,22.0
NGC_4258_central,S-star orbital,39000000.0,145112000000000.0,0.884,16.05,2025.5694974377463,246.4611303563549,0.0015,456805024067434.56,456120842803229.7,656.281,657.2654215,274806.48234464915,449030.340867464,,1.0,SMBH literature: Maser disk BH,25426607077967.336,28.0
3C_273_central,S-star orbital,880000000.0,145112000000000.0,0.884,16.05,2022.1098284358632,339.4474971606196,0.158,456805024067434.56,394477568279304.5,656.281,759.9733979999999,241022.8068117596,767117.779034893,,1.0,SMBH literature: First quasar,167488886951258.44,13.0
3C_279_central,S-star orbital,300000000.0,145112000000000.0,0.884,16.05,2022.6488016649805,88.78590276983404,0.536,456805024067434.56,297399104210569.4,656.281,1008.0476159999998,299272.42272109,640728.5114255309,,1.0,SMBH literature: Variable blazar,202038852748603.5,29.0
Phoenix_A_central,S-star orbital,20000000000.0,145112000000000.0,0.884,16.05,2029.9753760649512,183.4294657235272,0.596,456805024067434.56,286218686759044.2,656.281,1047.424476,1276385.6377908976,4633708.554614963,,1.0,SMBH literature: Phoenix cluster BCG,2.681752050444326e+16,44.0
Cygnus_X1,S-star orbital,21.2,145112000000000.0,0.884,16.05,2020.63527706152,137.38294314235324,1e-05,456805024067434.56,456800456062873.9,656.281,656.2875628099999,487913.5263585231,1114650.0931261224,,1.0,Stellar BH: First confirmed BH,1295176.3601934568,7.0
LMC_X1,S-star orbital,10.9,145112000000000.0,0.884,16.05,2026.8171036902656,193.30931894716625,3e-05,456805024067434.56,456791320327824.8,656.281,656.3006884299999,130370.7705192686,192691.5676272499,,1.0,Stellar BH: LMC X-ray binary,853699.5731584722,8.0
GW150914_remnant,S-star orbital,62.0,145112000000000.0,0.884,16.05,2020.1947674238584,334.47550185526217,0.09,456805024067434.56,419087178043517.94,656.281,715.34629,183899.59245028457,511792.03080515086,,1.0,Stellar BH: LIGO detection,3343322.507543331,6.0
GW190521_remnant,S-star orbital,142.0,145112000000000.0,0.884,16.05,2020.856534520679,174.95656679398095,0.82,456805024067434.56,250991771465623.4,656.281,1194.43142,1171214.5041285465,1365752.9621219186,,1.0,Stellar BH: Intermediate mass BH,2704178.9590087137,3.0
Vela_Pulsar,S-star orbital,1.4,145112000000000.0,0.884,16.05,2028.0749699776663,68.54756917027598,1e-05,456805024067434.56,456800456062873.9,656.281,656.2875628099999,426831.6250343089,586552.4823295154,,1.0,Pulsar: Vela SNR pulsar,12855.21546662642,2.0
Crab_Pulsar,S-star orbital,1.4,145112000000000.0,0.884,16.05,2029.84165211366,35.430433614705194,1e-05,456805024067434.56,456800456062873.9,656.281,656.2875628099999,550053.5776395138,861219.3193954481,,1.0,Pulsar: Crab nebula pulsar,12335.123340183374,2.0
S4_SgrA*,S-star orbital,4297000.0,145112000000000.0,0.884,16.05,2022.2321073814885,265.1296370990445,0.0008,456805024067434.56,456439872169698.8,656.281,656.8060247999999,357548.26347406965,1117256.4330152075,,1.0,Additional S-star: Short period S-star,1269049932474.1377,17.0
S5_SgrA*,S-star orbital,4297000.0,145112000000000.0,0.884,16.05,2024.2192181968528,10.726998997705325,0.0012,456805024067434.56,456257515049375.25,656.281,657.0685372,415497.557525934,2450574.7269805945,,1.0,Additional S-star: Very close S-star,1269049932474.1377,17.0
S9_SgrA*,S-star orbital,4297000.0,145112000000000.0,0.884,16.05,2028.0943045667784,2.339553484101966,0.0006,456805024067434.56,456531105404192.06,656.281,656.6747686,620647.8267929187,1086164.155726025,,1.0,Additional S-star: Eccentric S-star,1269049932474.1377,17.0
HLX-1,S-star orbital,20000.0,145112000000000.0,0.884,16.05,2026.09131005667,61.60991335131492,0.126,456805024067434.56,405688298461309.6,656.281,738.9724059999998,4687737.711524331,7580082.686041875,,1.0,IMBH: Hyper-luminous X-ray source,10049624426.031685,24.0
ESO_243-49_HLX-1,S-star orbital,20000.0,145112000000000.0,0.884,16.05,2025.5694974377463,246.4611303563549,0.0223,456805024067434.56,446840481333693.2,656.281,670.9160663,3606827.0788622,5893510.148862864,,1.0,IMBH: Off-center IMBH,13039285681.008892,28.0
M82_X-1,S-star orbital,400.0,145112000000000.0,0.884,16.05,2022.677408759757,75.95382369107753,0.000677,456805024067434.56,456495976291485.2,656.281,656.725302237,142983.8028982274,405786.1658816575,,1.0,IMBH: Ultraluminous X-ray source,180828992.0785916,22.0
NGC_1313_X-1,S-star orbital,5000.0,145112000000000.0,0.884,16.05,2029.1454758974053,165.18666693146358,0.00144,456805024067434.56,456148170701624.2,656.281,657.22604464,911812.1949202748,2189195.939258316,,1.0,IMBH: IMBH candidate,2829373646.078576,26.0
NGC_5408_X-1,S-star orbital,1000.0,145112000000000.0,0.884,16.05,2028.9782288360248,143.784181850543,0.00467,456805024067434.56,454681660711909.94,656.281,659.34583227,709793.0759216555,1250364.8002161966,,1.0,IMBH: Dwarf galaxy IMBH,893726747.4109904,34.0
IC_10_X-1,S-star orbital,23.0,145112000000000.0,0.884,16.05,2021.0964913035064,225.8805750131124,0.000348,456805024067434.56,456646111220729.75,656.281,656.509385788,24062.17906134664,174752.24976391683,,1.0,IMBH: Wolf-Rayet IMBH,18971062.40676932,32.0
M33_X-7,S-star orbital,16.0,145112000000000.0,0.884,16.05,2025.2911434509915,349.58821594090256,5.4e-05,456805024067434.56,456780357928106.4,656.281,656.3164391739999,100141.1233092254,111652.85609817224,,1.0,IMBH: Eclipsing IMBH,3713527.415956323,15.0
NGC_300_X-1,S-star orbital,20.0,145112000000000.0,0.884,16.05,2022.668251899525,230.7462474887309,0.00048,456805024067434.56,456585862853265.0,656.281,656.59601488,77570.59202551705,146476.71591567757,,1.0,IMBH: Spiral galaxy IMBH,22110164.575749066,39.0
PSR_J1614-2230,S-star orbital,1.97,145112000000000.0,0.884,16.05,2025.005861130503,64.31467699084729,1e-05,456805024067434.56,456800456062873.9,656.281,656.2875628099999,332870.7954041243,1071318.8063630983,,1.0,Precision pulsar: Massive neutron star,14769.0796376054,2.0
PSR_J0952-0607,S-star orbital,2.35,145112000000000.0,0.884,16.05,2027.625108000752,194.17645084306525,1e-05,456805024067434.56,456800456062873.9,656.281,656.2875628099999,104035.6220123237,468056.6868544456,,1.0,Precision pulsar: Most massive NS known,13194.747474330026,1.0
PSR_J1738+0333,S-star orbital,1.46,145112000000000.0,0.884,16.05,2028.787218778232,299.3995905700246,1e-05,456805024067434.56,456800456062873.9,656.281,656.2875628099999,211448.7607267108,250745.9423910645,,1.0,Precision pulsar: White dwarf binary,11620.780285023366,2.0
PSR_J0030+0451,S-star orbital,1.44,145112000000000.0,0.884,16.05,2020.692125184684,273.81677949260336,1e-05,456805024067434.56,456800456062873.9,656.281,656.2875628099999,188971.0657263589,386608.05092720926,,1.0,Precision pulsar: NICER target,14734.74722648997,2.0
PSR_J0740+6620,S-star orbital,2.08,145112000000000.0,0.884,16.05,2024.2313794020088,76.24735395914954,1e-05,456805024067434.56,456800456062873.9,656.281,656.2875628099999,298497.1527121309,374081.69322743575,,1.0,Precision pulsar: Heavy neutron star,12749.01796747472,2.0
PSR_J1909-3744,S-star orbital,1.54,145112000000000.0,0.884,16.05,2024.3810008391447,186.32730277281263,1e-05,456805024067434.56,456800456062873.9,656.281,656.2875628099999,365407.608447921,589459.8589503859,,1.0,Precision pulsar: Precision timing,11558.581456504477,2.0
PSR_J1713+0747,S-star orbital,1.31,145112000000000.0,0.884,16.05,2020.7099308600905,227.1970646172356,1e-05,456805024067434.56,456800456062873.9,656.281,656.2875628099999,154961.2656886711,561100.3119630519,,1.0,Precision pulsar: Long-term timing,12941.543592286169,2.0
PSR_J2317+1439,S-star orbital,1.29,145112000000000.0,0.884,16.05,2022.1423680737043,47.632265541009,1e-05,456805024067434.56,456800456062873.9,656.281,656.2875628099999,294071.7832004269,462972.3136449845,,1.0,Precision pulsar: Globular cluster,10354.286749443268,2.0
PSR_J0437-4715,S-star orbital,1.76,145112000000000.0,0.884,16.05,2020.969308142288,155.1784256662959,1e-05,456805024067434.56,456800456062873.9,656.281,656.2875628099999,113557.22051463772,450038.2492112735,,1.0,Precision pulsar: Nearby millisecond,13923.097121453768,2.0
PSR_J1012+5307,S-star orbital,1.64,145112000000000.0,0.884,16.05,2024.026212821023,122.14893794218672,1e-05,456805024067434.56,456800456062873.9,656.281,656.2875628099999,119252.60130023502,667206.0335043918,,1.0,Precision pulsar: Helium white dwarf,13366.822736466507,2.0
GW170817,S-star orbital,2.74,145112000000000.0,0.884,16.05,2022.498064478821,332.3756157393646,0.009,456805024067434.56,452730450017279.1,656.281,662.1875289999998,467760.82140147407,1448911.0685110984,,1.0,LIGO/Virgo: First NS merger,131216.95151720298,6.0
GW190425,S-star orbital,3.4,145112000000000.0,0.884,16.05,2029.689962572848,333.49211388292593,0.04,456805024067434.56,439235600064840.94,656.281,682.5322399999999,2311537.427423732,3006596.094782525,,1.0,LIGO/Virgo: Heavy NS merger,62906.15249313563,3.0
GW200105,S-star orbital,8.9,145112000000000.0,0.884,16.05,2023.789731189769,354.7111837607013,0.28,456805024067434.56,356878925052683.25,656.281,840.03968,380549.5672465419,2590388.1230429686,,1.0,LIGO/Virgo: NS-BH merger,271880.8029310971,4.0
GW200115,S-star orbital,5.7,145112000000000.0,0.884,16.05,2025.557683234056,258.62697910667737,0.33,456805024067434.56,343462424110853.06,656.281,872.8537299999999,4145782.0584680536,4625243.331542482,,1.0,LIGO/Virgo: NS-BH merger,262193.2374768548,5.0
GW190412,S-star orbital,30.1,145112000000000.0,0.884,16.05,2020.571652729075,210.30393400522965,0.26,456805024067434.56,362543669894789.3,656.281,826.91406,6957611.116093185,9962494.129091147,,1.0,LIGO/Virgo: Asymmetric mass ratio,1731640.8385449746,6.0
GW190814,S-star orbital,25.6,145112000000000.0,0.884,16.05,2025.9503510645,243.0765192974725,0.24,456805024067434.56,368391148441479.5,656.281,813.7884399999999,1053016.071144557,4234763.143788601,,1.0,LIGO/Virgo: Possible NS-BH,2194031.3913042136,8.0
GW191204,S-star orbital,44.0,145112000000000.0,0.884,16.05,2024.1922491533587,210.1220241448409,0.29,456805024067434.56,354112421757701.2,656.281,846.60249,6498559.815057446,10912683.42385032,,1.0,LIGO/Virgo: Intermediate mass,1449607.895457496,4.0
GW200129,S-star orbital,34.0,145112000000000.0,0.884,16.05,2026.7169022296,107.9989487275544,0.31,456805024067434.56,348706125242316.44,656.281,859.72811,2294841.5415478675,5508121.898106479,,1.0,LIGO/Virgo: Spinning black holes,2299951.5277784285,7.0
EMRI_SgrA_1,S-star orbital,4297000.0,145112000000000.0,0.884,16.05,2029.960964478551,26.37385959586788,0.0001,456805024067434.56,456759348132621.3,656.281,656.3466280999999,2523604.668301082,2807862.714020869,,1.0,EMRI: Stellar object around Sgr A*,1048798721707.591,15.0
EMRI_SgrA_2,S-star orbital,4297000.0,145112000000000.0,0.884,16.05,2023.695270887389,56.78885964860351,0.0002,456805024067434.56,456713681331168.3,656.281,656.4122562,3339961.8355674814,4157200.042222311,,1.0,EMRI: Compact object inspiral,5964112344044.043,45.0
EMRI_M87_1,S-star orbital,6500000000.0,145112000000000.0,0.884,16.05,2020.0782310715213,294.1574886415662,0.004,456805024067434.56,454985083732504.56,656.281,658.906124,62366019.978752986,100076887.0644797,,1.0,EMRI: Object around M87*,6243824500532131.0,36.0
EMRI_NGC1277_1,S-star orbital,17000000000.0,145112000000000.0,0.884,16.05,2021.0703597770944,199.1605107185337,0.017,456805024067434.56,449169148542216.94,656.281,667.4377769999999,26957843.45066268,140155099.86637214,,1.0,EMRI: Object around NGC 1277,2.3723627500413104e+16,45.0
XTE_J1550-564,S-star orbital,9.1,145112000000000.0,0.884,16.05,2022.639839016304,175.87146677377555,1e-05,456805024067434.56,456800456062873.9,656.281,656.2875628099999,216232.65837847008,356002.7785886816,,1.0,Stellar BH: Transient black hole,616529.597716199,7.0
GRO_J1655-40,S-star orbital,7.0,145112000000000.0,0.884,16.05,2020.0354568908776,277.60292028706573,1e-05,456805024067434.56,456800456062873.9,656.281,656.2875628099999,72890.1226441535,226828.82518878,,1.0,Stellar BH: Superluminal jets,151069.9008024184,3.0
4U_1543-47,S-star orbital,9.4,145112000000000.0,0.884,16.05,2020.096696996084,27.087789626556138,1e-05,456805024067434.56,456800456062873.9,656.281,656.2875628099999,147649.01496757352,333934.57013575296,,1.0,Stellar BH: X-ray binary,653246.9626719933,7.0
XTE_J1859+226,S-star orbital,7.8,145112000000000.0,0.884,16.05,2021.480937855675,45.88038694156995,1e-05,456805024067434.56,456800456062873.9,656.281,656.2875628099999,176595.74919366094,312002.4052639583,,1.0,Stellar BH: Fast X-ray transient,429386.326979474,6.0
GS_2000+25,S-star orbital,7.5,145112000000000.0,0.884,16.05,2022.1007653833976,89.8307061202528,1e-05,456805024067434.56,456800456062873.9,656.281,656.2875628099999,391361.6838226835,477771.5930714453,,1.0,Stellar BH: Soft X-ray transient,551603.8560714532,7.0
Nova_Sco_1994,S-star orbital,6.9,145112000000000.0,0.884,16.05,2021.545533383322,334.7571656497228,1e-05,456805024067434.56,456800456062873.9,656.281,656.2875628099999,289307.0855639829,484983.9398065288,,1.0,Stellar BH: X-ray nova,552313.5548474505,8.0
SAX_J1819.3-2525,S-star orbital,7.1,145112000000000.0,0.884,16.05,2027.3656447175508,119.58676846071432,1e-05,456805024067434.56,456800456062873.9,656.281,656.2875628099999,36925.42938237118,308150.79652803903,,1.0,Stellar BH: Galactic plane BH,529864.4670033519,7.0
XTE_J1752-223,S-star orbital,9.5,145112000000000.0,0.884,16.05,2027.8737450913547,38.91442550506456,1e-05,456805024067434.56,456800456062873.9,656.281,656.2875628099999,104057.49517650672,331980.53470241866,,1.0,Stellar BH: Outbursting BH,746353.7725098422,8.0
M87* ALMA_Band3 2.30e+11 Hz | 2017-04-05,S-star orbital,6500000000.0,145112000000000.0,0.884,16.05,,,0.0,230000000000.0,230000000000.0,,,,,,,M87*,12000000000000.0,0.0
M87* ALMA_Band3 3.45e+11 Hz | 2017-04-05,S-star orbital,6500000000.0,145112000000000.0,0.884,16.05,,,0.0,345000000000.0,345000000000.0,,,,,,,M87*,12000000000000.0,0.0
M87* ALMA_Band6 2.28e+14 Hz | 2017-04-05,S-star orbital,6500000000.0,145112000000000.0,0.884,16.05,,,0.0,228000000000000.0,228000000000000.0,,,,,,,M87*,12000000000000.0,0.0
M87* ALMA_Band7 3.40e+14 Hz | 2017-04-05,S-star orbital,6500000000.0,145112000000000.0,0.884,16.05,,,0.0,340000000000000.0,340000000000000.0,,,,,,,M87*,12000000000000.0,0.0
M87* SMA 4.50e+14 Hz | 2017-04-05,S-star orbital,6500000000.0,145112000000000.0,0.884,16.05,,,0.0,450000000000000.0,450000000000000.0,,,,,,,M87*,12000000000000.0,0.0
M87* JCMT 8.60e+14 Hz | 2017-04-05,S-star orbital,6500000000.0,145112000000000.0,0.884,16.05,,,0.0,860000000000000.0,860000000000000.0,,,,,,,M87*,12000000000000.0,0.0
M87* Chandra 2.00e+17 Hz | 2017-04-11,S-star orbital,6500000000.0,145112000000000.0,0.884,16.05,,,0.0,2e+17,2e+17,,,,,,,M87*,12000000000000.0,0.0
M87* Chandra 5.00e+17 Hz | 2017-04-11,S-star orbital,6500000000.0,145112000000000.0,0.884,16.05,,,0.0,5e+17,5e+17,,,,,,,M87*,12000000000000.0,0.0
M87* Chandra 1.00e+18 Hz | 2017-04-11,S-star orbital,6500000000.0,145112000000000.0,0.884,16.05,,,0.0,1e+18,1e+18,,,,,,,M87*,12000000000000.0,0.0
M87* Chandra 2.00e+18 Hz | 2017-04-11,S-star orbital,6500000000.0,145112000000000.0,0.884,16.05,,,0.0,2e+18,2e+18,,,,,,,M87*,12000000000000.0,0.0
Cyg X-1 thermal 1.00e+17 Hz | T=3.0e+07 K,S-star orbital,14.8,145112000000000.0,0.884,16.05,,,11.30539649431398,1e+17,8126515878314651.0,,,,,,,Cyg_X-1,44000.0,0.0137692565985457
Cyg X-1 thermal 1.50e+17 Hz | T=3.0e+07 K,S-star orbital,14.8,145112000000000.0,0.884,16.05,,,11.305396494313982,1.5e+17,1.2189773817471976e+16,,,,,,,Cyg_X-1,44000.0,0.0137692565985457
Cyg X-1 thermal 2.00e+17 Hz | T=3.0e+07 K,S-star orbital,14.8,145112000000000.0,0.884,16.05,,,11.30539649431398,2e+17,1.6253031756629302e+16,,,,,,,Cyg_X-1,44000.0,0.0137692565985457
Cyg X-1 thermal 3.00e+17 Hz | T=3.0e+07 K,S-star orbital,14.8,145112000000000.0,0.884,16.05,,,11.305396494313982,3e+17,2.437954763494395e+16,,,,,,,Cyg_X-1,44000.0,0.0137692565985457
Cyg X-1 thermal 5.00e+17 Hz | T=3.0e+07 K,S-star orbital,14.8,145112000000000.0,0.884,16.05,,,11.30539649431398,5e+17,4.0632579391573256e+16,,,,,,,Cyg_X-1,44000.0,0.0137692565985457
Cyg X-1 thermal 7.00e+17 Hz | T=3.0e+07 K,S-star orbital,14.8,145112000000000.0,0.884,16.05,,,11.30539649431398,7e+17,5.688561114820256e+16,,,,,,,Cyg_X-1,44000.0,0.0137692565985457
Cyg X-1 thermal 1.00e+18 Hz | T=3.0e+07 K,S-star orbital,14.8,145112000000000.0,0.884,16.05,,,11.30539649431398,1e+18,8.126515878314651e+16,,,,,,,Cyg_X-1,44000.0,0.0137692565985457
Cyg X-1 thermal 1.50e+18 Hz | T=3.0e+07 K,S-star orbital,14.8,145112000000000.0,0.884,16.05,,,11.30539649431398,1.5e+18,1.2189773817471976e+17,,,,,,,Cyg_X-1,44000.0,0.0137692565985457
Cyg X-1 thermal 2.00e+18 Hz | T=3.0e+07 K,S-star orbital,14.8,145112000000000.0,0.884,16.05,,,11.30539649431398,2e+18,1.6253031756629302e+17,,,,,,,Cyg_X-1,44000.0,0.0137692565985457
Cyg X-1 thermal 3.00e+18 Hz | T=3.0e+07 K,S-star orbital,14.8,145112000000000.0,0.884,16.05,,,11.30539649431398,3e+18,2.4379547634943952e+17,,,,,,,Cyg_X-1,44000.0,0.0137692565985457
S2 Br-gamma 2002-05-15 | phase=0.12,S-star orbital,4150000.0,145112000000000.0,0.884,16.05,,,0.0006670310328247,456805000000000.0,456500500000000.0,,,,,,,S2,38071500000.0,2.3553475899885634
S2 H-alpha 2002-05-15 | phase=0.12,S-star orbital,4150000.0,145112000000000.0,0.884,16.05,,,0.000661595640625,690757500000000.0,690300800000000.0,,,,,,,S2,38071500000.0,2.3553475899885634
S2 Br-gamma 2004-03-20 | phase=0.24,S-star orbital,4150000.0,145112000000000.0,0.884,16.05,,,0.0017653508771929,456805000000000.0,456000000000000.0,,,,,,,S2,21000000000.0,1.119003215192037
S2 H-alpha 2004-03-20 | phase=0.24,S-star orbital,4150000.0,145112000000000.0,0.884,16.05,,,0.0018237853517041,690757500000000.0,689500000000000.0,,,,,,,S2,21000000000.0,1.119003215192037
S2 Br-gamma 2006-01-10 | phase=0.36,S-star orbital,4150000.0,145112000000000.0,0.884,16.05,,,0.0028649835345773,456805000000000.0,455500000000000.0,,,,,,,S2,15000000000.0,0.419784660910797
S2 H-alpha 2006-01-10 | phase=0.36,S-star orbital,4150000.0,145112000000000.0,0.884,16.05,,,0.0032788671023965,690757500000000.0,688500000000000.0,,,,,,,S2,15000000000.0,0.419784660910797
S2 Br-gamma 2008-11-05 | phase=0.48,S-star orbital,4150000.0,145112000000000.0,0.884,16.05,,,0.0039670329670329,456805000000000.0,455000000000000.0,,,,,,,S2,12000000000.0,0.0
S2 H-alpha 2008-11-05 | phase=0.48,S-star orbital,4150000.0,145112000000000.0,0.884,16.05,,,0.0047381818181818,690757500000000.0,687500000000000.0,,,,,,,S2,12000000000.0,0.0
S2 Br-gamma 2010-09-15 | phase=0.60,S-star orbital,4150000.0,145112000000000.0,0.884,16.05,,,0.0044085312225153,456805000000000.0,454800000000000.0,,,,,,,S2,10000000000.0,0.0
S2 H-alpha 2010-09-15 | phase=0.60,S-star orbital,4150000.0,145112000000000.0,0.884,16.05,,,0.0054694323144104,690757500000000.0,687000000000000.0,,,,,,,S2,10000000000.0,0.0
NED 2002AJ....124..675C 1.40e+09 Hz,,6500000000.0,,,,,,0.0042,1405880000.0,1400000000.0,,,1284000.0,1284000.0,0.7998627493097795,,M87,12000000000000.0,0.85266467315053
NED 1981A&AS...45..367K 1.40e+09 Hz,,6500000000.0,,,,,,0.0042,1405880000.0,1400000000.0,,,1284000.0,1284000.0,0.7998627493097795,,M87,12000000000000.0,0.85266467315053
NED 1992ApJS...79..331W 1.40e+09 Hz,,6500000000.0,,,,,,0.0042,1405880000.0,1400000000.0,,,1284000.0,1284000.0,0.7998627493097795,,M87,12000000000000.0,0.85266467315053
NED 2011ApJ...731L..41B 1.40e+09 Hz,,6500000000.0,,,,,,0.0042,1405880000.0,1400000000.0,,,1284000.0,1284000.0,0.7998627493097795,,M87,12000000000000.0,0.85266467315053
NED 1981A&AS...45..367K 1.40e+09 Hz,,6500000000.0,,,,,,0.0042,1405880000.0,1400000000.0,,,1284000.0,1284000.0,0.7998627493097795,,M87,12000000000000.0,0.85266467315053
NED 2014MNRAS.440..696A 1.40e+09 Hz,,6500000000.0,,,,,,0.0042,1405880000.0,1400000000.0,,,1284000.0,1284000.0,0.7998627493097795,,M87,12000000000000.0,0.85266467315053
NED 2004ApJ...607..800B 1.40e+09 Hz,,6500000000.0,,,,,,0.0042,1405880000.0,1400000000.0,,,1284000.0,1284000.0,0.7998627493097795,,M87,12000000000000.0,0.85266467315053
NED 2014MNRAS.440..696A 1.40e+09 Hz,,6500000000.0,,,,,,0.0042,1405880000.0,1400000000.0,,,1284000.0,1284000.0,0.7998627493097795,,M87,12000000000000.0,0.85266467315053
NED 1964AJ.....69..277H 1.40e+09 Hz,,6500000000.0,,,,,,0.0042,1405880000.0,1400000000.0,,,1284000.0,1284000.0,0.7998627493097795,,M87,12000000000000.0,0.85266467315053
NED 1980MNRAS.190..903L 1.40e+09 Hz,,6500000000.0,,,,,,0.0042,1405880000.0,1400000000.0,,,1284000.0,1284000.0,0.7998627493097795,,M87,12000000000000.0,0.85266467315053
NED 1969ApJ...157....1K 1.40e+09 Hz,,6500000000.0,,,,,,0.0042,1405880000.0,1400000000.0,,,1284000.0,1284000.0,0.7998627493097795,,M87,12000000000000.0,0.85266467315053
NED 1990PKS90.C...0000W 1.41e+09 Hz,,6500000000.0,,,,,,0.0042,1415922000.0,1410000000.0,,,1284000.0,1284000.0,0.7998627493097795,,M87,12000000000000.0,0.85266467315053
NED 2010MNRAS.404..180D 1.47e+09 Hz,,6500000000.0,,,,,,0.0042,1476174000.0,1470000000.0,,,1284000.0,1284000.0,0.7998627493097795,,M87,12000000000000.0,0.85266467315053
NED 1978ApJS...36...53D 2.38e+09 Hz,,6500000000.0,,,,,,0.0042,2389996000.0,2380000000.0,,,1284000.0,1284000.0,0.7998627493097795,,M87,12000000000000.0,0.85266467315053
NED 1975AuJPA..38....1W 2.65e+09 Hz,,6500000000.0,,,,,,0.0042,2661130000.0,2650000000.0,,,1284000.0,1284000.0,0.7998627493097795,,M87,12000000000000.0,0.85266467315053
NED 1981A&AS...45..367K 2.70e+09 Hz,,6500000000.0,,,,,,0.0042,2711340000.0,2700000000.0,,,1284000.0,1284000.0,0.7998627493097795,,M87,12000000000000.0,0.85266467315053
NED 1981A&AS...45..367K 2.70e+09 Hz,,6500000000.0,,,,,,0.0042,2711340000.0,2700000000.0,,,1284000.0,1284000.0,0.7998627493097795,,M87,12000000000000.0,0.85266467315053
NED 1980MNRAS.190..903L 2.70e+09 Hz,,6500000000.0,,,,,,0.0042,2711340000.0,2700000000.0,,,1284000.0,1284000.0,0.7998627493097795,,M87,12000000000000.0,0.85266467315053
NED 1969ApJ...157....1K 2.70e+09 Hz,,6500000000.0,,,,,,0.0042,2711340000.0,2700000000.0,,,1284000.0,1284000.0,0.7998627493097795,,M87,12000000000000.0,0.85266467315053
NED 1990PKS90.C...0000W 2.70e+09 Hz,,6500000000.0,,,,,,0.0042,2711340000.0,2700000000.0,,,1284000.0,1284000.0,0.7998627493097795,,M87,12000000000000.0,0.85266467315053
NED 1986ApJS...61....1B 4.78e+09 Hz,,6500000000.0,,,,,,0.0042,4800076000.0,4780000000.0,,,1284000.0,1284000.0,0.7998627493097795,,M87,12000000000000.0,0.85266467315053
NED 1991ApJS...75....1B 4.85e+09 Hz,,6500000000.0,,,,,,0.0042,4870370000.0,4850000000.0,,,1284000.0,1284000.0,0.7998627493097795,,M87,12000000000000.0,0.85266467315053
NED 1991ApJS...75.1011G 4.85e+09 Hz,,6500000000.0,,,,,,0.0042,4870370000.0,4850000000.0,,,1284000.0,1284000.0,0.7998627493097795,,M87,12000000000000.0,0.85266467315053
NED 1997A&AS..122..235L 4.89e+09 Hz,,6500000000.0,,,,,,0.0042,4910538000.0,4890000000.0,,,1284000.0,1284000.0,0.7998627493097795,,M87,12000000000000.0,0.85266467315053
NED 1969ApJ...157....1K 5.00e+09 Hz,,6500000000.0,,,,,,0.0042,5021000000.0,5000000000.0,,,1284000.0,1284000.0,0.7998627493097795,,M87,12000000000000.0,0.85266467315053
NED 1981A&AS...45..367K 5.00e+09 Hz,,6500000000.0,,,,,,0.0042,5021000000.0,5000000000.0,,,1284000.0,1284000.0,0.7998627493097795,,M87,12000000000000.0,0.85266467315053
NED 1981A&AS...45..367K 5.00e+09 Hz,,6500000000.0,,,,,,0.0042,5021000000.0,5000000000.0,,,1284000.0,1284000.0,0.7998627493097795,,M87,12000000000000.0,0.85266467315053
NED 1990PKS90.C...0000W 5.00e+09 Hz,,6500000000.0,,,,,,0.0042,5021000000.0,5000000000.0,,,1284000.0,1284000.0,0.7998627493097795,,M87,12000000000000.0,0.85266467315053
NED 2001ApJ...559L..87N 5.00e+09 Hz,,6500000000.0,,,,,,0.0042,5021000000.0,5000000000.0,,,1284000.0,1284000.0,0.7998627493097795,,M87,12000000000000.0,0.85266467315053
NED 2001ApJ...559L..87N 5.00e+09 Hz,,6500000000.0,,,,,,0.0042,5021000000.0,5000000000.0,,,1284000.0,1284000.0,0.7998627493097795,,M87,12000000000000.0,0.85266467315053
NED 1980MNRAS.190..903L 5.00e+09 Hz,,6500000000.0,,,,,,0.0042,5021000000.0,5000000000.0,,,1284000.0,1284000.0,0.7998627493097795,,M87,12000000000000.0,0.85266467315053
NED 1981A&AS...45..367K 5.01e+09 Hz,,6500000000.0,,,,,,0.0042,5031042000.0,5010000000.0,,,1284000.0,1284000.0,0.7998627493097795,,M87,12000000000000.0,0.85266467315053
NED 1981A&AS...45..367K 5.01e+09 Hz,,6500000000.0,,,,,,0.0042,5031042000.0,5010000000.0,,,1284000.0,1284000.0,0.7998627493097795,,M87,12000000000000.0,0.85266467315053
NED 1971AJ.....76....1S 8.00e+09 Hz,,6500000000.0,,,,,,0.0042,8033600000.0,8000000000.0,,,1284000.0,1284000.0,0.7998627493097795,,M87,12000000000000.0,0.85266467315053
NED 2004ApJ...612..749Z 8.11e+09 Hz,,6500000000.0,,,,,,0.0042,8144062000.0,8110000000.0,,,1284000.0,1284000.0,0.7998627493097795,,M87,12000000000000.0,0.85266467315053
NED 2001ApJ...559L..87N 8.40e+09 Hz,,6500000000.0,,,,,,0.0042,8435280000.0,8400000000.0,,,1284000.0,1284000.0,0.7998627493097795,,M87,12000000000000.0,0.85266467315053
NED 2001ApJ...559L..87N 8.40e+09 Hz,,6500000000.0,,,,,,0.0042,8435280000.0,8400000000.0,,,1284000.0,1284000.0,0.7998627493097795,,M87,12000000000000.0,0.85266467315053
NED 2001ApJ...559L..87N 8.40e+09 Hz,,6500000000.0,,,,,,0.0042,8435280000.0,8400000000.0,,,1284000.0,1284000.0,0.7998627493097795,,M87,12000000000000.0,0.85266467315053
NED 2009AJ....138.1990C 8.40e+09 Hz,,6500000000.0,,,,,,0.0042,8435280000.0,8400000000.0,,,1284000.0,1284000.0,0.7998627493097795,,M87,12000000000000.0,0.85266467315053
NED 1990PKS90.C...0000W 8.40e+09 Hz,,6500000000.0,,,,,,0.0042,8435280000.0,8400000000.0,,,1284000.0,1284000.0,0.7998627493097795,,M87,12000000000000.0,0.85266467315053
NED 2001ApJ...559L..87N 8.40e+09 Hz,,6500000000.0,,,,,,0.0042,8435280000.0,8400000000.0,,,1284000.0,1284000.0,0.7998627493097795,,M87,12000000000000.0,0.85266467315053
NED 1973AuJPh..26...93S 8.87e+09 Hz,,6500000000.0,,,,,,0.0042,8907254000.0,8870000000.0,,,1284000.0,1284000.0,0.7998627493097795,,M87,12000000000000.0,0.85266467315053
NED 1980MNRAS.190..903L 1.07e+10 Hz,,6500000000.0,,,,,,0.0042,10744940000.0,10700000000.0,,,1284000.0,1284000.0,0.7998627493097795,,M87,12000000000000.0,0.85266467315053
NED 1973AJ.....78..828K 1.07e+10 Hz,,6500000000.0,,,,,,0.0042,10744940000.0,10700000000.0,,,1284000.0,1284000.0,0.7998627493097795,,M87,12000000000000.0,0.85266467315053
NED 1976AJ.....81.1084G 1.49e+10 Hz,,6500000000.0,,,,,,0.0042,14962580000.0,14900000000.0,,,1284000.0,1284000.0,0.7998627493097795,,M87,12000000000000.0,0.85266467315053
NED 1980MNRAS.190..903L 1.49e+10 Hz,,6500000000.0,,,,,,0.0042,14962580000.0,14900000000.0,,,1284000.0,1284000.0,0.7998627493097795,,M87,12000000000000.0,0.85266467315053
NED 2010A&A...515A..38C 1.50e+10 Hz,,6500000000.0,,,,,,0.0042,15063000000.0,15000000000.0,,,1284000.0,1284000.0,0.7998627493097795,,M87,12000000000000.0,0.85266467315053
NED 2011ApJ...742...27L 1.50e+10 Hz,,6500000000.0,,,,,,0.0042,15063000000.0,15000000000.0,,,1284000.0,1284000.0,0.7998627493097795,,M87,12000000000000.0,0.85266467315053
NED 2009MNRAS.396..984G 1.50e+10 Hz,,6500000000.0,,,,,,0.0042,15063000000.0,15000000000.0,,,1284000.0,1284000.0,0.7998627493097795,,M87,12000000000000.0,0.85266467315053
NED 2001ApJ...559L..87N 1.50e+10 Hz,,6500000000.0,,,,,,0.0042,15063000000.0,15000000000.0,,,1284000.0,1284000.0,0.7998627493097795,,M87,12000000000000.0,0.85266467315053
NED 2015ApJ...810L...9L 1.50e+10 Hz,,6500000000.0,,,,,,0.0042,15063000000.0,15000000000.0,,,1284000.0,1284000.0,0.7998627493097795,,M87,12000000000000.0,0.85266467315053
NED 2004ApJ...609..539K 1.50e+10 Hz,,6500000000.0,,,,,,0.0042,15063000000.0,15000000000.0,,,1284000.0,1284000.0,0.7998627493097795,,M87,12000000000000.0,0.85266467315053
NED 2011ApJ...742...27L 1.50e+10 Hz,,6500000000.0,,,,,,0.0042,15063000000.0,15000000000.0,,,1284000.0,1284000.0,0.7998627493097795,,M87,12000000000000.0,0.85266467315053
NED 2001ApJ...559L..87N 1.50e+10 Hz,,6500000000.0,,,,,,0.0042,15063000000.0,15000000000.0,,,1284000.0,1284000.0,0.7998627493097795,,M87,12000000000000.0,0.85266467315053
NED 2014MNRAS.438.3058R 1.50e+10 Hz,,6500000000.0,,,,,,0.0042,15063000000.0,15000000000.0,,,1284000.0,1284000.0,0.7998627493097795,,M87,12000000000000.0,0.85266467315053
NED 2001ApJ...559L..87N 1.50e+10 Hz,,6500000000.0,,,,,,0.0042,15063000000.0,15000000000.0,,,1284000.0,1284000.0,0.7998627493097795,,M87,12000000000000.0,0.85266467315053
NED 2008ApJ...674..111C 1.50e+10 Hz,,6500000000.0,,,,,,0.0042,15063000000.0,15000000000.0,,,1284000.0,1284000.0,0.7998627493097795,,M87,12000000000000.0,0.85266467315053
NED 2005A&A...435..521N 1.50e+10 Hz,,6500000000.0,,,,,,0.0042,15063000000.0,15000000000.0,,,1284000.0,1284000.0,0.7998627493097795,,M87,12000000000000.0,0.85266467315053
NED 2001ApJ...559L..87N 1.50e+10 Hz,,6500000000.0,,,,,,0.0042,15063000000.0,15000000000.0,,,1284000.0,1284000.0,0.7998627493097795,,M87,12000000000000.0,0.85266467315053
NED 2015ApJ...810L...9L 1.50e+10 Hz,,6500000000.0,,,,,,0.0042,15063000000.0,15000000000.0,,,1284000.0,1284000.0,0.7998627493097795,,M87,12000000000000.0,0.85266467315053
NED 2005AJ....130.2473K 1.50e+10 Hz,,6500000000.0,,,,,,0.0042,15063000000.0,15000000000.0,,,1284000.0,1284000.0,0.7998627493097795,,M87,12000000000000.0,0.85266467315053
NED 2011ApJS..194...29R 1.50e+10 Hz,,6500000000.0,,,,,,0.0042,15063000000.0,15000000000.0,,,1284000.0,1284000.0,0.7998627493097795,,M87,12000000000000.0,0.85266467315053
NED 2004ApJ...612..749Z 1.51e+10 Hz,,6500000000.0,,,,,,0.0042,15163420000.0,15100000000.0,,,1284000.0,1284000.0,0.7998627493097795,,M87,12000000000000.0,0.85266467315053
NED 2005AJ....130.1389L 1.54e+10 Hz,,6500000000.0,,,,,,0.0042,15464680000.0,15400000000.0,,,1284000.0,1284000.0,0.7998627493097795,,M87,12000000000000.0,0.85266467315053
NED 2009MNRAS.400..984D 1.61e+10 Hz,,6500000000.0,,,,,,0.0042,16167620000.0,16100000000.0,,,1284000.0,1284000.0,0.7998627493097795,,M87,12000000000000.0,0.85266467315053
NED 2017ApJS..228...22L 2.17e+10 Hz,,6500000000.0,,,,,,0.0042,21791140000.0,21700000000.0,,,1284000.0,1284000.0,0.7998627493097795,,M87,12000000000000.0,0.85266467315053
NED 2017ApJS..228...22L 2.17e+10 Hz,,6500000000.0,,,,,,0.0042,21791140000.0,21700000000.0,,,1284000.0,1284000.0,0.7998627493097795,,M87,12000000000000.0,0.85266467315053
NED 1990PKS90.C...0000W 2.20e+10 Hz,,6500000000.0,,,,,,0.0042,22092400000.0,22000000000.0,,,1284000.0,1284000.0,0.7998627493097795,,M87,12000000000000.0,0.85266467315053
NED 2007AJ....133.2487P 2.20e+10 Hz,,6500000000.0,,,,,,0.0042,22092400000.0,22000000000.0,,,1284000.0,1284000.0,0.7998627493097795,,M87,12000000000000.0,0.85266467315053
NED 2007AJ....133.2487P 2.20e+10 Hz,,6500000000.0,,,,,,0.0042,22092400000.0,22000000000.0,,,1284000.0,1284000.0,0.7998627493097795,,M87,12000000000000.0,0.85266467315053
NED 2009ApJS..180..283W 2.30e+10 Hz,,6500000000.0,,,,,,0.0042,23096600000.0,23000000000.0,,,1284000.0,1284000.0,0.7998627493097795,,M87,12000000000000.0,0.85266467315053
NED 2003ApJS..148...97B 2.30e+10 Hz,,6500000000.0,,,,,,0.0042,23096600000.0,23000000000.0,,,1284000.0,1284000.0,0.7998627493097795,,M87,12000000000000.0,0.85266467315053
NED 2011ApJS..192...15G 2.30e+10 Hz,,6500000000.0,,,,,,0.0042,23096600000.0,23000000000.0,,,1284000.0,1284000.0,0.7998627493097795,,M87,12000000000000.0,0.85266467315053
NED 1975ApJ...196..347H 3.16e+10 Hz,,6500000000.0,,,,,,0.0042,31732720000.0,31600000000.0,,,1284000.0,1284000.0,0.7998627493097795,,M87,12000000000000.0,0.85266467315053
NED 2009MNRAS.400..984D 3.30e+10 Hz,,6500000000.0,,,,,,0.0042,33138600000.0,33000000000.0,,,1284000.0,1284000.0,0.7998627493097795,,M87,12000000000000.0,0.85266467315053
NED 2003ApJS..148...97B 3.30e+10 Hz,,6500000000.0,,,,,,0.0042,33138600000.0,33000000000.0,,,1284000.0,1284000.0,0.7998627493097795,,M87,12000000000000.0,0.85266467315053
NED 2011ApJS..192...15G 3.30e+10 Hz,,6500000000.0,,,,,,0.0042,33138600000.0,33000000000.0,,,1284000.0,1284000.0,0.7998627493097795,,M87,12000000000000.0,0.85266467315053
NED 2009ApJS..180..283W 3.30e+10 Hz,,6500000000.0,,,,,,0.0042,33138600000.0,33000000000.0,,,1284000.0,1284000.0,0.7998627493097795,,M87,12000000000000.0,0.85266467315053
NED 2011A&A...536A..15P 3.68e+10 Hz,,6500000000.0,,,,,,0.0042,36954560000.0,36800000000.0,,,1284000.0,1284000.0,0.7998627493097795,,M87,12000000000000.0,0.85266467315053
NED 2011A&A...535A..69N 3.70e+10 Hz,,6500000000.0,,,,,,0.0042,37155400000.0,37000000000.0,,,1284000.0,1284000.0,0.7998627493097795,,M87,12000000000000.0,0.85266467315053
NED 2009MNRAS.392..733M 4.10e+10 Hz,,6500000000.0,,,,,,0.0042,41172200000.0,41000000000.0,,,1284000.0,1284000.0,0.7998627493097795,,M87,12000000000000.0,0.85266467315053
NED 2003ApJS..148...97B 4.10e+10 Hz,,6500000000.0,,,,,,0.0042,41172200000.0,41000000000.0,,,1284000.0,1284000.0,0.7998627493097795,,M87,12000000000000.0,0.85266467315053
NED 2011ApJS..192...15G 4.10e+10 Hz,,6500000000.0,,,,,,0.0042,41172200000.0,41000000000.0,,,1284000.0,1284000.0,0.7998627493097795,,M87,12000000000000.0,0.85266467315053
NED 2009ApJS..180..283W 4.10e+10 Hz,,6500000000.0,,,,,,0.0042,41172200000.0,41000000000.0,,,1284000.0,1284000.0,0.7998627493097795,,M87,12000000000000.0,0.85266467315053
NED 2009A&A...508..107G 4.10e+10 Hz,,6500000000.0,,,,,,0.0042,41172200000.0,41000000000.0,,,1284000.0,1284000.0,0.7998627493097795,,M87,12000000000000.0,0.85266467315053
NED 2009ApJ...694..222C 4.10e+10 Hz,,6500000000.0,,,,,,0.0042,41172200000.0,41000000000.0,,,1284000.0,1284000.0,0.7998627493097795,,M87,12000000000000.0,0.85266467315053
NED 2017ApJS..228...22L 4.24e+10 Hz,,6500000000.0,,,,,,0.0042,42578080000.0,42400000000.0,,,1284000.0,1284000.0,0.7998627493097795,,M87,12000000000000.0,0.85266467315053
NED 2017ApJS..228...22L 4.24e+10 Hz,,6500000000.0,,,,,,0.0042,42578080000.0,42400000000.0,,,1284000.0,1284000.0,0.7998627493097795,,M87,12000000000000.0,0.85266467315053
NED 2011ApJS..192...15G 6.10e+10 Hz,,6500000000.0,,,,,,0.0042,61256200000.0,61000000000.0,,,1284000.0,1284000.0,0.7998627493097795,,M87,12000000000000.0,0.85266467315053
NED 2003ApJS..148...97B 6.10e+10 Hz,,6500000000.0,,,,,,0.0042,61256200000.0,61000000000.0,,,1284000.0,1284000.0,0.7998627493097795,,M87,12000000000000.0,0.85266467315053
NED 2009ApJ...694..222C 6.10e+10 Hz,,6500000000.0,,,,,,0.0042,61256200000.0,61000000000.0,,,1284000.0,1284000.0,0.7998627493097795,,M87,12000000000000.0,0.85266467315053
NED 2008ApJ...681..747C 6.10e+10 Hz,,6500000000.0,,,,,,0.0042,61256200000.0,61000000000.0,,,1284000.0,1284000.0,0.7998627493097795,,M87,12000000000000.0,0.85266467315053
NED 2009ApJS..180..283W 6.10e+10 Hz,,6500000000.0,,,,,,0.0042,61256200000.0,61000000000.0,,,1284000.0,1284000.0,0.7998627493097795,,M87,12000000000000.0,0.85266467315053
NED 1987A&AS...71..125T 7.70e+10 Hz,,6500000000.0,,,,,,0.0042,77323400000.0,77000000000.0,,,1284000.0,1284000.0,0.7998627493097795,,M87,12000000000000.0,0.85266467315053
NED 1975ApJ...196..347H 8.57e+10 Hz,,6500000000.0,,,,,,0.0042,86059940000.0,85700000000.0,,,1284000.0,1284000.0,0.7998627493097795,,M87,12000000000000.0,0.85266467315053
NED 2008AJ....136..159L 8.60e+10 Hz,,6500000000.0,,,,,,0.0042,86361200000.0,86000000000.0,,,1284000.0,1284000.0,0.7998627493097795,,M87,12000000000000.0,0.85266467315053
NED 2010ApJS..189....1A 8.60e+10 Hz,,6500000000.0,,,,,,0.0042,86361200000.0,86000000000.0,,,1284000.0,1284000.0,0.7998627493097795,,M87,12000000000000.0,0.85266467315053
NED 2014A&A...566A..59A 8.62e+10 Hz,,6500000000.0,,,,,,0.0042,86562040000.0,86200000000.0,,,1284000.0,1284000.0,0.7998627493097795,,M87,12000000000000.0,0.85266467315053
NED 2005MNRAS.363..692D 8.90e+10 Hz,,6500000000.0,,,,,,0.0042,89373800000.0,89000000000.0,,,1284000.0,1284000.0,0.7998627493097795,,M87,12000000000000.0,0.85266467315053
NED 1981AJ.....86.1306G 8.96e+10 Hz,,6500000000.0,,,,,,0.0042,89976320000.0,89600000000.0,,,1284000.0,1284000.0,0.7998627493097795,,M87,12000000000000.0,0.85266467315053
NED 2009ApJ...701.1872C 9.00e+10 Hz,,6500000000.0,,,,,,0.0042,90378000000.0,90000000000.0,,,1284000.0,1284000.0,0.7998627493097795,,M87,12000000000000.0,0.85266467315053
NED 2009ApJS..180..283W 9.40e+10 Hz,,6500000000.0,,,,,,0.0042,94394800000.0,94000000000.0,,,1284000.0,1284000.0,0.7998627493097795,,M87,12000000000000.0,0.85266467315053
NED 2011ApJS..192...15G 9.40e+10 Hz,,6500000000.0,,,,,,0.0042,94394800000.0,94000000000.0,,,1284000.0,1284000.0,0.7998627493097795,,M87,12000000000000.0,0.85266467315053
NED 2009ApJ...694..222C 9.40e+10 Hz,,6500000000.0,,,,,,0.0042,94394800000.0,94000000000.0,,,1284000.0,1284000.0,0.7998627493097795,,M87,12000000000000.0,0.85266467315053
NED 2003ApJS..148...97B 9.40e+10 Hz,,6500000000.0,,,,,,0.0042,94394800000.0,94000000000.0,,,1284000.0,1284000.0,0.7998627493097795,,M87,12000000000000.0,0.85266467315053
NED 2010A&A...518A...9O 9.99e+10 Hz,,6500000000.0,,,,,,0.0042,100319580000.0,99900000000.0,,,1284000.0,1284000.0,0.7998627493097795,,M87,12000000000000.0,0.85266467315053
NED 1998AJ....116....8L 1.00e+11 Hz,,6500000000.0,,,,,,0.0042,100420000000.0,100000000000.0,,,1284000.0,1284000.0,0.7998627493097795,,M87,12000000000000.0,0.85266467315053
NED 1998AJ....116....8L 1.00e+11 Hz,,6500000000.0,,,,,,0.0042,100420000000.0,100000000000.0,,,1284000.0,1284000.0,0.7998627493097795,,M87,12000000000000.0,0.85266467315053
NED 2014A&A...566A..59A 2.29e+11 Hz,,6500000000.0,,,,,,0.0042,229961800000.0,229000000000.0,,,1284000.0,1284000.0,0.7998627493097795,,M87,12000000000000.0,0.85266467315053
NED 2010A&A...518A...9O 3.00e+11 Hz,,6500000000.0,,,,,,0.0042,301260000000.0,300000000000.0,,,1284000.0,1284000.0,0.7998627493097795,,M87,12000000000000.0,0.85266467315053
NED 2010A&A...518L..53B 6.00e+11 Hz,,6500000000.0,,,,,,0.0042,602520000000.0,600000000000.0,,,1284000.0,1284000.0,0.7998627493097795,,M87,12000000000000.0,0.85266467315053
NED 2014ApJ...783..135A 6.00e+11 Hz,,6500000000.0,,,,,,0.0042,602520000000.0,600000000000.0,,,1284000.0,1284000.0,0.7998627493097795,,M87,12000000000000.0,0.85266467315053
NED 2010A&A...518L..53B 8.57e+11 Hz,,6500000000.0,,,,,,0.0042,860599400000.0,857000000000.0,,,1284000.0,1284000.0,0.7998627493097795,,M87,12000000000000.0,0.85266467315053
NED 2014ApJ...783..135A 8.57e+11 Hz,,6500000000.0,,,,,,0.0042,860599400000.0,857000000000.0,,,1284000.0,1284000.0,0.7998627493097795,,M87,12000000000000.0,0.85266467315053
NED 2014ApJ...783..135A 1.20e+12 Hz,,6500000000.0,,,,,,0.0042,1205040000000.0,1200000000000.0,,,1284000.0,1284000.0,0.7998627493097795,,M87,12000000000000.0,0.85266467315053
NED 2010A&A...518L..53B 1.20e+12 Hz,,6500000000.0,,,,,,0.0042,1205040000000.0,1200000000000.0,,,1284000.0,1284000.0,0.7998627493097795,,M87,12000000000000.0,0.85266467315053
NED 2014MNRAS.440..942C 1.81e+12 Hz,,6500000000.0,,,,,,0.0042,1817602000000.0,1810000000000.0,,,1284000.0,1284000.0,0.7998627493097795,,M87,12000000000000.0,0.85266467315053
NED 2010A&A...518L..53B 1.87e+12 Hz,,6500000000.0,,,,,,0.0042,1877854000000.0,1870000000000.0,,,1284000.0,1284000.0,0.7998627493097795,,M87,12000000000000.0,0.85266467315053
NED 2016ApJS..226...19F 1.90e+12 Hz,,6500000000.0,,,,,,0.0042,1907980000000.0,1900000000000.0,,,1284000.0,1284000.0,0.7998627493097795,,M87,12000000000000.0,0.85266467315053
NED 2016ApJS..226...19F 1.90e+12 Hz,,6500000000.0,,,,,,0.0042,1907980000000.0,1900000000000.0,,,1284000.0,1284000.0,0.7998627493097795,,M87,12000000000000.0,0.85266467315053
NED 2016ApJS..226...19F 1.90e+12 Hz,,6500000000.0,,,,,,0.0042,1907980000000.0,1900000000000.0,,,1284000.0,1284000.0,0.7998627493097795,,M87,12000000000000.0,0.85266467315053
NED 2009ApJ...707..890T 1.92e+12 Hz,,6500000000.0,,,,,,0.0042,1928064000000.0,1920000000000.0,,,1284000.0,1284000.0,0.7998627493097795,,M87,12000000000000.0,0.85266467315053
NED 2009ApJ...695....1T 1.92e+12 Hz,,6500000000.0,,,,,,0.0042,1928064000000.0,1920000000000.0,,,1284000.0,1284000.0,0.7998627493097795,,M87,12000000000000.0,0.85266467315053
NED 2007ApJ...655..781S 1.92e+12 Hz,,6500000000.0,,,,,,0.0042,1928064000000.0,1920000000000.0,,,1284000.0,1284000.0,0.7998627493097795,,M87,12000000000000.0,0.85266467315053
NED 2017A&A...605A..74K 2.14e+12 Hz,,6500000000.0,,,,,,0.0042,2148988000000.0,2140000000000.0,,,1284000.0,1284000.0,0.7998627493097795,,M87,12000000000000.0,0.85266467315053
NED 2014MNRAS.440..942C 2.93e+12 Hz,,6500000000.0,,,,,,0.0042,2942306000000.0,2930000000000.0,,,1284000.0,1284000.0,0.7998627493097795,,M87,12000000000000.0,0.85266467315053
NED 1994PrivC.U..J....K 3.00e+12 Hz,,6500000000.0,,,,,,0.0042,3012600000000.0,3000000000000.0,,,1284000.0,1284000.0,0.7998627493097795,,M87,12000000000000.0,0.85266467315053
NED 2010A&A...518L..53B 3.00e+12 Hz,,6500000000.0,,,,,,0.0042,3012600000000.0,3000000000000.0,,,1284000.0,1284000.0,0.7998627493097795,,M87,12000000000000.0,0.85266467315053
NED 1988AJ.....95...26G 3.00e+12 Hz,,6500000000.0,,,,,,0.0042,3012600000000.0,3000000000000.0,,,1284000.0,1284000.0,0.7998627493097795,,M87,12000000000000.0,0.85266467315053
NED 2017A&A...605A..74K 3.33e+12 Hz,,6500000000.0,,,,,,0.0042,3343986000000.0,3330000000000.0,,,1284000.0,1284000.0,0.7998627493097795,,M87,12000000000000.0,0.85266467315053
NED 2009ApJ...695....1T 4.20e+12 Hz,,6500000000.0,,,,,,0.0042,4217640000000.0,4200000000000.0,,,1284000.0,1284000.0,0.7998627493097795,,M87,12000000000000.0,0.85266467315053
NED 2009ApJ...707..890T 4.20e+12 Hz,,6500000000.0,,,,,,0.0042,4217640000000.0,4200000000000.0,,,1284000.0,1284000.0,0.7998627493097795,,M87,12000000000000.0,0.85266467315053
NED 2007ApJ...655..781S 4.20e+12 Hz,,6500000000.0,,,,,,0.0042,4217640000000.0,4200000000000.0,,,1284000.0,1284000.0,0.7998627493097795,,M87,12000000000000.0,0.85266467315053
NED 2007ApJ...655..781S 4.20e+12 Hz,,6500000000.0,,,,,,0.0042,4217640000000.0,4200000000000.0,,,1284000.0,1284000.0,0.7998627493097795,,M87,12000000000000.0,0.85266467315053
NED 2017A&A...605A..74K 4.61e+12 Hz,,6500000000.0,,,,,,0.0042,4629362000000.0,4610000000000.0,,,1284000.0,1284000.0,0.7998627493097795,,M87,12000000000000.0,0.85266467315053
NED 1990IRASF.C...0000M 5.00e+12 Hz,,6500000000.0,,,,,,0.0042,5021000000000.0,5000000000000.0,,,1284000.0,1284000.0,0.7998627493097795,,M87,12000000000000.0,0.85266467315053
NED 1994PrivC.U..J....K 5.00e+12 Hz,,6500000000.0,,,,,,0.0042,5021000000000.0,5000000000000.0,,,1284000.0,1284000.0,0.7998627493097795,,M87,12000000000000.0,0.85266467315053
NED 1988AJ.....95...26G 5.00e+12 Hz,,6500000000.0,,,,,,0.0042,5021000000000.0,5000000000000.0,,,1284000.0,1284000.0,0.7998627493097795,,M87,12000000000000.0,0.85266467315053
NED 2007ApJ...663..808P 8.95e+12 Hz,,6500000000.0,,,,,,0.0042,8987590000000.0,8950000000000.0,,,1284000.0,1284000.0,0.7998627493097795,,M87,12000000000000.0,0.85266467315053
NED 2017ApJ...838..139S 5.50e+09 Hz,,4150000.0,,,,,,0.0,5500000000.0,5500000000.0,,,0.0,246000.0,0.1612678741523361,,Sgr A*,38000000000.0,2.294039499382748
NED 2007AJ....133.2487P 2.20e+10 Hz,,4150000.0,,,,,,0.0,22000000000.0,22000000000.0,,,0.0,246000.0,0.1612678741523361,,Sgr A*,38000000000.0,2.294039499382748
NED 2007AJ....133.2487P 2.20e+10 Hz,,4150000.0,,,,,,0.0,22000000000.0,22000000000.0,,,0.0,246000.0,0.1612678741523361,,Sgr A*,38000000000.0,2.294039499382748
NED 2002AJ....124..675C 1.40e+09 Hz,,6500000000.0,,,,,,0.0042,1405880000.0,1400000000.0,,,1284000.0,1284000.0,0.7998627493097795,,M87,12000000000000.0,0.85266467315053
NED 1981A&AS...45..367K 1.40e+09 Hz,,6500000000.0,,,,,,0.0042,1405880000.0,1400000000.0,,,1284000.0,1284000.0,0.7998627493097795,,M87,12000000000000.0,0.85266467315053
NED 1992ApJS...79..331W 1.40e+09 Hz,,6500000000.0,,,,,,0.0042,1405880000.0,1400000000.0,,,1284000.0,1284000.0,0.7998627493097795,,M87,12000000000000.0,0.85266467315053
NED 2011ApJ...731L..41B 1.40e+09 Hz,,6500000000.0,,,,,,0.0042,1405880000.0,1400000000.0,,,1284000.0,1284000.0,0.7998627493097795,,M87,12000000000000.0,0.85266467315053
NED 1981A&AS...45..367K 1.40e+09 Hz,,6500000000.0,,,,,,0.0042,1405880000.0,1400000000.0,,,1284000.0,1284000.0,0.7998627493097795,,M87,12000000000000.0,0.85266467315053
NED 2014MNRAS.440..696A 1.40e+09 Hz,,6500000000.0,,,,,,0.0042,1405880000.0,1400000000.0,,,1284000.0,1284000.0,0.7998627493097795,,M87,12000000000000.0,0.85266467315053
NED 2004ApJ...607..800B 1.40e+09 Hz,,6500000000.0,,,,,,0.0042,1405880000.0,1400000000.0,,,1284000.0,1284000.0,0.7998627493097795,,M87,12000000000000.0,0.85266467315053
NED 2014MNRAS.440..696A 1.40e+09 Hz,,6500000000.0,,,,,,0.0042,1405880000.0,1400000000.0,,,1284000.0,1284000.0,0.7998627493097795,,M87,12000000000000.0,0.85266467315053
NED 1964AJ.....69..277H 1.40e+09 Hz,,6500000000.0,,,,,,0.0042,1405880000.0,1400000000.0,,,1284000.0,1284000.0,0.7998627493097795,,M87,12000000000000.0,0.85266467315053
NED 1980MNRAS.190..903L 1.40e+09 Hz,,6500000000.0,,,,,,0.0042,1405880000.0,1400000000.0,,,1284000.0,1284000.0,0.7998627493097795,,M87,12000000000000.0,0.85266467315053
NED 1969ApJ...157....1K 1.40e+09 Hz,,6500000000.0,,,,,,0.0042,1405880000.0,1400000000.0,,,1284000.0,1284000.0,0.7998627493097795,,M87,12000000000000.0,0.85266467315053
NED 1990PKS90.C...0000W 1.41e+09 Hz,,6500000000.0,,,,,,0.0042,1415922000.0,1410000000.0,,,1284000.0,1284000.0,0.7998627493097795,,M87,12000000000000.0,0.85266467315053
NED 2010MNRAS.404..180D 1.47e+09 Hz,,6500000000.0,,,,,,0.0042,1476174000.0,1470000000.0,,,1284000.0,1284000.0,0.7998627493097795,,M87,12000000000000.0,0.85266467315053
NED 1978ApJS...36...53D 2.38e+09 Hz,,6500000000.0,,,,,,0.0042,2389996000.0,2380000000.0,,,1284000.0,1284000.0,0.7998627493097795,,M87,12000000000000.0,0.85266467315053
NED 1975AuJPA..38....1W 2.65e+09 Hz,,6500000000.0,,,,,,0.0042,2661130000.0,2650000000.0,,,1284000.0,1284000.0,0.7998627493097795,,M87,12000000000000.0,0.85266467315053
NED 1981A&AS...45..367K 2.70e+09 Hz,,6500000000.0,,,,,,0.0042,2711340000.0,2700000000.0,,,1284000.0,1284000.0,0.7998627493097795,,M87,12000000000000.0,0.85266467315053
NED 1981A&AS...45..367K 2.70e+09 Hz,,6500000000.0,,,,,,0.0042,2711340000.0,2700000000.0,,,1284000.0,1284000.0,0.7998627493097795,,M87,12000000000000.0,0.85266467315053
NED 1980MNRAS.190..903L 2.70e+09 Hz,,6500000000.0,,,,,,0.0042,2711340000.0,2700000000.0,,,1284000.0,1284000.0,0.7998627493097795,,M87,12000000000000.0,0.85266467315053
NED 1969ApJ...157....1K 2.70e+09 Hz,,6500000000.0,,,,,,0.0042,2711340000.0,2700000000.0,,,1284000.0,1284000.0,0.7998627493097795,,M87,12000000000000.0,0.85266467315053
NED 1990PKS90.C...0000W 2.70e+09 Hz,,6500000000.0,,,,,,0.0042,2711340000.0,2700000000.0,,,1284000.0,1284000.0,0.7998627493097795,,M87,12000000000000.0,0.85266467315053
NED 1986ApJS...61....1B 4.78e+09 Hz,,6500000000.0,,,,,,0.0042,4800076000.0,4780000000.0,,,1284000.0,1284000.0,0.7998627493097795,,M87,12000000000000.0,0.85266467315053
NED 1991ApJS...75....1B 4.85e+09 Hz,,6500000000.0,,,,,,0.0042,4870370000.0,4850000000.0,,,1284000.0,1284000.0,0.7998627493097795,,M87,12000000000000.0,0.85266467315053
NED 1991ApJS...75.1011G 4.85e+09 Hz,,6500000000.0,,,,,,0.0042,4870370000.0,4850000000.0,,,1284000.0,1284000.0,0.7998627493097795,,M87,12000000000000.0,0.85266467315053
NED 1997A&AS..122..235L 4.89e+09 Hz,,6500000000.0,,,,,,0.0042,4910538000.0,4890000000.0,,,1284000.0,1284000.0,0.7998627493097795,,M87,12000000000000.0,0.85266467315053
NED 1969ApJ...157....1K 5.00e+09 Hz,,6500000000.0,,,,,,0.0042,5021000000.0,5000000000.0,,,1284000.0,1284000.0,0.7998627493097795,,M87,12000000000000.0,0.85266467315053
NED 1981A&AS...45..367K 5.00e+09 Hz,,6500000000.0,,,,,,0.0042,5021000000.0,5000000000.0,,,1284000.0,1284000.0,0.7998627493097795,,M87,12000000000000.0,0.85266467315053
NED 1981A&AS...45..367K 5.00e+09 Hz,,6500000000.0,,,,,,0.0042,5021000000.0,5000000000.0,,,1284000.0,1284000.0,0.7998627493097795,,M87,12000000000000.0,0.85266467315053
NED 1990PKS90.C...0000W 5.00e+09 Hz,,6500000000.0,,,,,,0.0042,5021000000.0,5000000000.0,,,1284000.0,1284000.0,0.7998627493097795,,M87,12000000000000.0,0.85266467315053
NED 2001ApJ...559L..87N 5.00e+09 Hz,,6500000000.0,,,,,,0.0042,5021000000.0,5000000000.0,,,1284000.0,1284000.0,0.7998627493097795,,M87,12000000000000.0,0.85266467315053
NED 2001ApJ...559L..87N 5.00e+09 Hz,,6500000000.0,,,,,,0.0042,5021000000.0,5000000000.0,,,1284000.0,1284000.0,0.7998627493097795,,M87,12000000000000.0,0.85266467315053
NED 1980MNRAS.190..903L 5.00e+09 Hz,,6500000000.0,,,,,,0.0042,5021000000.0,5000000000.0,,,1284000.0,1284000.0,0.7998627493097795,,M87,12000000000000.0,0.85266467315053
NED 1981A&AS...45..367K 5.01e+09 Hz,,6500000000.0,,,,,,0.0042,5031042000.0,5010000000.0,,,1284000.0,1284000.0,0.7998627493097795,,M87,12000000000000.0,0.85266467315053
NED 1981A&AS...45..367K 5.01e+09 Hz,,6500000000.0,,,,,,0.0042,5031042000.0,5010000000.0,,,1284000.0,1284000.0,0.7998627493097795,,M87,12000000000000.0,0.85266467315053
NED 1971AJ.....76....1S 8.00e+09 Hz,,6500000000.0,,,,,,0.0042,8033600000.0,8000000000.0,,,1284000.0,1284000.0,0.7998627493097795,,M87,12000000000000.0,0.85266467315053
NED 2004ApJ...612..749Z 8.11e+09 Hz,,6500000000.0,,,,,,0.0042,8144062000.0,8110000000.0,,,1284000.0,1284000.0,0.7998627493097795,,M87,12000000000000.0,0.85266467315053
NED 2001ApJ...559L..87N 8.40e+09 Hz,,6500000000.0,,,,,,0.0042,8435280000.0,8400000000.0,,,1284000.0,1284000.0,0.7998627493097795,,M87,12000000000000.0,0.85266467315053
NED 2001ApJ...559L..87N 8.40e+09 Hz,,6500000000.0,,,,,,0.0042,8435280000.0,8400000000.0,,,1284000.0,1284000.0,0.7998627493097795,,M87,12000000000000.0,0.85266467315053
NED 2001ApJ...559L..87N 8.40e+09 Hz,,6500000000.0,,,,,,0.0042,8435280000.0,8400000000.0,,,1284000.0,1284000.0,0.7998627493097795,,M87,12000000000000.0,0.85266467315053
NED 2009AJ....138.1990C 8.40e+09 Hz,,6500000000.0,,,,,,0.0042,8435280000.0,8400000000.0,,,1284000.0,1284000.0,0.7998627493097795,,M87,12000000000000.0,0.85266467315053
NED 1990PKS90.C...0000W 8.40e+09 Hz,,6500000000.0,,,,,,0.0042,8435280000.0,8400000000.0,,,1284000.0,1284000.0,0.7998627493097795,,M87,12000000000000.0,0.85266467315053
NED 2001ApJ...559L..87N 8.40e+09 Hz,,6500000000.0,,,,,,0.0042,8435280000.0,8400000000.0,,,1284000.0,1284000.0,0.7998627493097795,,M87,12000000000000.0,0.85266467315053
NED 1973AuJPh..26...93S 8.87e+09 Hz,,6500000000.0,,,,,,0.0042,8907254000.0,8870000000.0,,,1284000.0,1284000.0,0.7998627493097795,,M87,12000000000000.0,0.85266467315053
NED 1980MNRAS.190..903L 1.07e+10 Hz,,6500000000.0,,,,,,0.0042,10744940000.0,10700000000.0,,,1284000.0,1284000.0,0.7998627493097795,,M87,12000000000000.0,0.85266467315053
NED 1973AJ.....78..828K 1.07e+10 Hz,,6500000000.0,,,,,,0.0042,10744940000.0,10700000000.0,,,1284000.0,1284000.0,0.7998627493097795,,M87,12000000000000.0,0.85266467315053
NED 1976AJ.....81.1084G 1.49e+10 Hz,,6500000000.0,,,,,,0.0042,14962580000.0,14900000000.0,,,1284000.0,1284000.0,0.7998627493097795,,M87,12000000000000.0,0.85266467315053
NED 1980MNRAS.190..903L 1.49e+10 Hz,,6500000000.0,,,,,,0.0042,14962580000.0,14900000000.0,,,1284000.0,1284000.0,0.7998627493097795,,M87,12000000000000.0,0.85266467315053
NED 2010A&A...515A..38C 1.50e+10 Hz,,6500000000.0,,,,,,0.0042,15063000000.0,15000000000.0,,,1284000.0,1284000.0,0.7998627493097795,,M87,12000000000000.0,0.85266467315053
NED 2011ApJ...742...27L 1.50e+10 Hz,,6500000000.0,,,,,,0.0042,15063000000.0,15000000000.0,,,1284000.0,1284000.0,0.7998627493097795,,M87,12000000000000.0,0.85266467315053
NED 2009MNRAS.396..984G 1.50e+10 Hz,,6500000000.0,,,,,,0.0042,15063000000.0,15000000000.0,,,1284000.0,1284000.0,0.7998627493097795,,M87,12000000000000.0,0.85266467315053
NED 2001ApJ...559L..87N 1.50e+10 Hz,,6500000000.0,,,,,,0.0042,15063000000.0,15000000000.0,,,1284000.0,1284000.0,0.7998627493097795,,M87,12000000000000.0,0.85266467315053
NED 2015ApJ...810L...9L 1.50e+10 Hz,,6500000000.0,,,,,,0.0042,15063000000.0,15000000000.0,,,1284000.0,1284000.0,0.7998627493097795,,M87,12000000000000.0,0.85266467315053
NED 2004ApJ...609..539K 1.50e+10 Hz,,6500000000.0,,,,,,0.0042,15063000000.0,15000000000.0,,,1284000.0,1284000.0,0.7998627493097795,,M87,12000000000000.0,0.85266467315053
NED 2011ApJ...742...27L 1.50e+10 Hz,,6500000000.0,,,,,,0.0042,15063000000.0,15000000000.0,,,1284000.0,1284000.0,0.7998627493097795,,M87,12000000000000.0,0.85266467315053
NED 2001ApJ...559L..87N 1.50e+10 Hz,,6500000000.0,,,,,,0.0042,15063000000.0,15000000000.0,,,1284000.0,1284000.0,0.7998627493097795,,M87,12000000000000.0,0.85266467315053
NED 2014MNRAS.438.3058R 1.50e+10 Hz,,6500000000.0,,,,,,0.0042,15063000000.0,15000000000.0,,,1284000.0,1284000.0,0.7998627493097795,,M87,12000000000000.0,0.85266467315053
NED 2001ApJ...559L..87N 1.50e+10 Hz,,6500000000.0,,,,,,0.0042,15063000000.0,15000000000.0,,,1284000.0,1284000.0,0.7998627493097795,,M87,12000000000000.0,0.85266467315053
NED 2008ApJ...674..111C 1.50e+10 Hz,,6500000000.0,,,,,,0.0042,15063000000.0,15000000000.0,,,1284000.0,1284000.0,0.7998627493097795,,M87,12000000000000.0,0.85266467315053
NED 2005A&A...435..521N 1.50e+10 Hz,,6500000000.0,,,,,,0.0042,15063000000.0,15000000000.0,,,1284000.0,1284000.0,0.7998627493097795,,M87,12000000000000.0,0.85266467315053
NED 2001ApJ...559L..87N 1.50e+10 Hz,,6500000000.0,,,,,,0.0042,15063000000.0,15000000000.0,,,1284000.0,1284000.0,0.7998627493097795,,M87,12000000000000.0,0.85266467315053
NED 2015ApJ...810L...9L 1.50e+10 Hz,,6500000000.0,,,,,,0.0042,15063000000.0,15000000000.0,,,1284000.0,1284000.0,0.7998627493097795,,M87,12000000000000.0,0.85266467315053
NED 2005AJ....130.2473K 1.50e+10 Hz,,6500000000.0,,,,,,0.0042,15063000000.0,15000000000.0,,,1284000.0,1284000.0,0.7998627493097795,,M87,12000000000000.0,0.85266467315053
NED 2011ApJS..194...29R 1.50e+10 Hz,,6500000000.0,,,,,,0.0042,15063000000.0,15000000000.0,,,1284000.0,1284000.0,0.7998627493097795,,M87,12000000000000.0,0.85266467315053
NED 2004ApJ...612..749Z 1.51e+10 Hz,,6500000000.0,,,,,,0.0042,15163420000.0,15100000000.0,,,1284000.0,1284000.0,0.7998627493097795,,M87,12000000000000.0,0.85266467315053
NED 2005AJ....130.1389L 1.54e+10 Hz,,6500000000.0,,,,,,0.0042,15464680000.0,15400000000.0,,,1284000.0,1284000.0,0.7998627493097795,,M87,12000000000000.0,0.85266467315053
NED 2009MNRAS.400..984D 1.61e+10 Hz,,6500000000.0,,,,,,0.0042,16167620000.0,16100000000.0,,,1284000.0,1284000.0,0.7998627493097795,,M87,12000000000000.0,0.85266467315053
NED 2017ApJS..228...22L 2.17e+10 Hz,,6500000000.0,,,,,,0.0042,21791140000.0,21700000000.0,,,1284000.0,1284000.0,0.7998627493097795,,M87,12000000000000.0,0.85266467315053
NED 2017ApJS..228...22L 2.17e+10 Hz,,6500000000.0,,,,,,0.0042,21791140000.0,21700000000.0,,,1284000.0,1284000.0,0.7998627493097795,,M87,12000000000000.0,0.85266467315053
NED 1990PKS90.C...0000W 2.20e+10 Hz,,6500000000.0,,,,,,0.0042,22092400000.0,22000000000.0,,,1284000.0,1284000.0,0.7998627493097795,,M87,12000000000000.0,0.85266467315053
NED 2007AJ....133.2487P 2.20e+10 Hz,,6500000000.0,,,,,,0.0042,22092400000.0,22000000000.0,,,1284000.0,1284000.0,0.7998627493097795,,M87,12000000000000.0,0.85266467315053
NED 2007AJ....133.2487P 2.20e+10 Hz,,6500000000.0,,,,,,0.0042,22092400000.0,22000000000.0,,,1284000.0,1284000.0,0.7998627493097795,,M87,12000000000000.0,0.85266467315053
NED 2009ApJS..180..283W 2.30e+10 Hz,,6500000000.0,,,,,,0.0042,23096600000.0,23000000000.0,,,1284000.0,1284000.0,0.7998627493097795,,M87,12000000000000.0,0.85266467315053
NED 2003ApJS..148...97B 2.30e+10 Hz,,6500000000.0,,,,,,0.0042,23096600000.0,23000000000.0,,,1284000.0,1284000.0,0.7998627493097795,,M87,12000000000000.0,0.85266467315053
NED 2011ApJS..192...15G 2.30e+10 Hz,,6500000000.0,,,,,,0.0042,23096600000.0,23000000000.0,,,1284000.0,1284000.0,0.7998627493097795,,M87,12000000000000.0,0.85266467315053
NED 1975ApJ...196..347H 3.16e+10 Hz,,6500000000.0,,,,,,0.0042,31732720000.0,31600000000.0,,,1284000.0,1284000.0,0.7998627493097795,,M87,12000000000000.0,0.85266467315053
NED 2009MNRAS.400..984D 3.30e+10 Hz,,6500000000.0,,,,,,0.0042,33138600000.0,33000000000.0,,,1284000.0,1284000.0,0.7998627493097795,,M87,12000000000000.0,0.85266467315053
NED 2003ApJS..148...97B 3.30e+10 Hz,,6500000000.0,,,,,,0.0042,33138600000.0,33000000000.0,,,1284000.0,1284000.0,0.7998627493097795,,M87,12000000000000.0,0.85266467315053
NED 2011ApJS..192...15G 3.30e+10 Hz,,6500000000.0,,,,,,0.0042,33138600000.0,33000000000.0,,,1284000.0,1284000.0,0.7998627493097795,,M87,12000000000000.0,0.85266467315053
NED 2009ApJS..180..283W 3.30e+10 Hz,,6500000000.0,,,,,,0.0042,33138600000.0,33000000000.0,,,1284000.0,1284000.0,0.7998627493097795,,M87,12000000000000.0,0.85266467315053
NED 2011A&A...536A..15P 3.68e+10 Hz,,6500000000.0,,,,,,0.0042,36954560000.0,36800000000.0,,,1284000.0,1284000.0,0.7998627493097795,,M87,12000000000000.0,0.85266467315053
NED 2011A&A...535A..69N 3.70e+10 Hz,,6500000000.0,,,,,,0.0042,37155400000.0,37000000000.0,,,1284000.0,1284000.0,0.7998627493097795,,M87,12000000000000.0,0.85266467315053
NED 2009MNRAS.392..733M 4.10e+10 Hz,,6500000000.0,,,,,,0.0042,41172200000.0,41000000000.0,,,1284000.0,1284000.0,0.7998627493097795,,M87,12000000000000.0,0.85266467315053
NED 2003ApJS..148...97B 4.10e+10 Hz,,6500000000.0,,,,,,0.0042,41172200000.0,41000000000.0,,,1284000.0,1284000.0,0.7998627493097795,,M87,12000000000000.0,0.85266467315053
NED 2011ApJS..192...15G 4.10e+10 Hz,,6500000000.0,,,,,,0.0042,41172200000.0,41000000000.0,,,1284000.0,1284000.0,0.7998627493097795,,M87,12000000000000.0,0.85266467315053
NED 2009ApJS..180..283W 4.10e+10 Hz,,6500000000.0,,,,,,0.0042,41172200000.0,41000000000.0,,,1284000.0,1284000.0,0.7998627493097795,,M87,12000000000000.0,0.85266467315053
NED 2009A&A...508..107G 4.10e+10 Hz,,6500000000.0,,,,,,0.0042,41172200000.0,41000000000.0,,,1284000.0,1284000.0,0.7998627493097795,,M87,12000000000000.0,0.85266467315053
NED 2009ApJ...694..222C 4.10e+10 Hz,,6500000000.0,,,,,,0.0042,41172200000.0,41000000000.0,,,1284000.0,1284000.0,0.7998627493097795,,M87,12000000000000.0,0.85266467315053
NED 2017ApJS..228...22L 4.24e+10 Hz,,6500000000.0,,,,,,0.0042,42578080000.0,42400000000.0,,,1284000.0,1284000.0,0.7998627493097795,,M87,12000000000000.0,0.85266467315053
NED 2017ApJS..228...22L 4.24e+10 Hz,,6500000000.0,,,,,,0.0042,42578080000.0,42400000000.0,,,1284000.0,1284000.0,0.7998627493097795,,M87,12000000000000.0,0.85266467315053
NED 2011ApJS..192...15G 6.10e+10 Hz,,6500000000.0,,,,,,0.0042,61256200000.0,61000000000.0,,,1284000.0,1284000.0,0.7998627493097795,,M87,12000000000000.0,0.85266467315053
NED 2003ApJS..148...97B 6.10e+10 Hz,,6500000000.0,,,,,,0.0042,61256200000.0,61000000000.0,,,1284000.0,1284000.0,0.7998627493097795,,M87,12000000000000.0,0.85266467315053
NED 2009ApJ...694..222C 6.10e+10 Hz,,6500000000.0,,,,,,0.0042,61256200000.0,61000000000.0,,,1284000.0,1284000.0,0.7998627493097795,,M87,12000000000000.0,0.85266467315053
NED 2008ApJ...681..747C 6.10e+10 Hz,,6500000000.0,,,,,,0.0042,61256200000.0,61000000000.0,,,1284000.0,1284000.0,0.7998627493097795,,M87,12000000000000.0,0.85266467315053
NED 2009ApJS..180..283W 6.10e+10 Hz,,6500000000.0,,,,,,0.0042,61256200000.0,61000000000.0,,,1284000.0,1284000.0,0.7998627493097795,,M87,12000000000000.0,0.85266467315053
NED 1987A&AS...71..125T 7.70e+10 Hz,,6500000000.0,,,,,,0.0042,77323400000.0,77000000000.0,,,1284000.0,1284000.0,0.7998627493097795,,M87,12000000000000.0,0.85266467315053
NED 1975ApJ...196..347H 8.57e+10 Hz,,6500000000.0,,,,,,0.0042,86059940000.0,85700000000.0,,,1284000.0,1284000.0,0.7998627493097795,,M87,12000000000000.0,0.85266467315053
NED 2008AJ....136..159L 8.60e+10 Hz,,6500000000.0,,,,,,0.0042,86361200000.0,86000000000.0,,,1284000.0,1284000.0,0.7998627493097795,,M87,12000000000000.0,0.85266467315053
NED 2010ApJS..189....1A 8.60e+10 Hz,,6500000000.0,,,,,,0.0042,86361200000.0,86000000000.0,,,1284000.0,1284000.0,0.7998627493097795,,M87,12000000000000.0,0.85266467315053
NED 2014A&A...566A..59A 8.62e+10 Hz,,6500000000.0,,,,,,0.0042,86562040000.0,86200000000.0,,,1284000.0,1284000.0,0.7998627493097795,,M87,12000000000000.0,0.85266467315053
NED 2005MNRAS.363..692D 8.90e+10 Hz,,6500000000.0,,,,,,0.0042,89373800000.0,89000000000.0,,,1284000.0,1284000.0,0.7998627493097795,,M87,12000000000000.0,0.85266467315053
NED 1981AJ.....86.1306G 8.96e+10 Hz,,6500000000.0,,,,,,0.0042,89976320000.0,89600000000.0,,,1284000.0,1284000.0,0.7998627493097795,,M87,12000000000000.0,0.85266467315053
NED 2009ApJ...701.1872C 9.00e+10 Hz,,6500000000.0,,,,,,0.0042,90378000000.0,90000000000.0,,,1284000.0,1284000.0,0.7998627493097795,,M87,12000000000000.0,0.85266467315053
NED 2009ApJS..180..283W 9.40e+10 Hz,,6500000000.0,,,,,,0.0042,94394800000.0,94000000000.0,,,1284000.0,1284000.0,0.7998627493097795,,M87,12000000000000.0,0.85266467315053
NED 2011ApJS..192...15G 9.40e+10 Hz,,6500000000.0,,,,,,0.0042,94394800000.0,94000000000.0,,,1284000.0,1284000.0,0.7998627493097795,,M87,12000000000000.0,0.85266467315053
NED 2009ApJ...694..222C 9.40e+10 Hz,,6500000000.0,,,,,,0.0042,94394800000.0,94000000000.0,,,1284000.0,1284000.0,0.7998627493097795,,M87,12000000000000.0,0.85266467315053
NED 2003ApJS..148...97B 9.40e+10 Hz,,6500000000.0,,,,,,0.0042,94394800000.0,94000000000.0,,,1284000.0,1284000.0,0.7998627493097795,,M87,12000000000000.0,0.85266467315053
NED 2010A&A...518A...9O 9.99e+10 Hz,,6500000000.0,,,,,,0.0042,100319580000.0,99900000000.0,,,1284000.0,1284000.0,0.7998627493097795,,M87,12000000000000.0,0.85266467315053
NED 1998AJ....116....8L 1.00e+11 Hz,,6500000000.0,,,,,,0.0042,100420000000.0,100000000000.0,,,1284000.0,1284000.0,0.7998627493097795,,M87,12000000000000.0,0.85266467315053
NED 1998AJ....116....8L 1.00e+11 Hz,,6500000000.0,,,,,,0.0042,100420000000.0,100000000000.0,,,1284000.0,1284000.0,0.7998627493097795,,M87,12000000000000.0,0.85266467315053
NED 2014A&A...566A..59A 2.29e+11 Hz,,6500000000.0,,,,,,0.0042,229961800000.0,229000000000.0,,,1284000.0,1284000.0,0.7998627493097795,,M87,12000000000000.0,0.85266467315053
NED 2010A&A...518A...9O 3.00e+11 Hz,,6500000000.0,,,,,,0.0042,301260000000.0,300000000000.0,,,1284000.0,1284000.0,0.7998627493097795,,M87,12000000000000.0,0.85266467315053
NED 2010A&A...518L..53B 6.00e+11 Hz,,6500000000.0,,,,,,0.0042,602520000000.0,600000000000.0,,,1284000.0,1284000.0,0.7998627493097795,,M87,12000000000000.0,0.85266467315053
NED 2014ApJ...783..135A 6.00e+11 Hz,,6500000000.0,,,,,,0.0042,602520000000.0,600000000000.0,,,1284000.0,1284000.0,0.7998627493097795,,M87,12000000000000.0,0.85266467315053
NED 2010A&A...518L..53B 8.57e+11 Hz,,6500000000.0,,,,,,0.0042,860599400000.0,857000000000.0,,,1284000.0,1284000.0,0.7998627493097795,,M87,12000000000000.0,0.85266467315053
NED 2014ApJ...783..135A 8.57e+11 Hz,,6500000000.0,,,,,,0.0042,860599400000.0,857000000000.0,,,1284000.0,1284000.0,0.7998627493097795,,M87,12000000000000.0,0.85266467315053
NED 2014ApJ...783..135A 1.20e+12 Hz,,6500000000.0,,,,,,0.0042,1205040000000.0,1200000000000.0,,,1284000.0,1284000.0,0.7998627493097795,,M87,12000000000000.0,0.85266467315053
NED 2010A&A...518L..53B 1.20e+12 Hz,,6500000000.0,,,,,,0.0042,1205040000000.0,1200000000000.0,,,1284000.0,1284000.0,0.7998627493097795,,M87,12000000000000.0,0.85266467315053
NED 2014MNRAS.440..942C 1.81e+12 Hz,,6500000000.0,,,,,,0.0042,1817602000000.0,1810000000000.0,,,1284000.0,1284000.0,0.7998627493097795,,M87,12000000000000.0,0.85266467315053
NED 2010A&A...518L..53B 1.87e+12 Hz,,6500000000.0,,,,,,0.0042,1877854000000.0,1870000000000.0,,,1284000.0,1284000.0,0.7998627493097795,,M87,12000000000000.0,0.85266467315053
NED 2016ApJS..226...19F 1.90e+12 Hz,,6500000000.0,,,,,,0.0042,1907980000000.0,1900000000000.0,,,1284000.0,1284000.0,0.7998627493097795,,M87,12000000000000.0,0.85266467315053
NED 2016ApJS..226...19F 1.90e+12 Hz,,6500000000.0,,,,,,0.0042,1907980000000.0,1900000000000.0,,,1284000.0,1284000.0,0.7998627493097795,,M87,12000000000000.0,0.85266467315053
NED 2016ApJS..226...19F 1.90e+12 Hz,,6500000000.0,,,,,,0.0042,1907980000000.0,1900000000000.0,,,1284000.0,1284000.0,0.7998627493097795,,M87,12000000000000.0,0.85266467315053
NED 2009ApJ...707..890T 1.92e+12 Hz,,6500000000.0,,,,,,0.0042,1928064000000.0,1920000000000.0,,,1284000.0,1284000.0,0.7998627493097795,,M87,12000000000000.0,0.85266467315053
NED 2009ApJ...695....1T 1.92e+12 Hz,,6500000000.0,,,,,,0.0042,1928064000000.0,1920000000000.0,,,1284000.0,1284000.0,0.7998627493097795,,M87,12000000000000.0,0.85266467315053
NED 2007ApJ...655..781S 1.92e+12 Hz,,6500000000.0,,,,,,0.0042,1928064000000.0,1920000000000.0,,,1284000.0,1284000.0,0.7998627493097795,,M87,12000000000000.0,0.85266467315053
NED 2017A&A...605A..74K 2.14e+12 Hz,,6500000000.0,,,,,,0.0042,2148988000000.0,2140000000000.0,,,1284000.0,1284000.0,0.7998627493097795,,M87,12000000000000.0,0.85266467315053
NED 2014MNRAS.440..942C 2.93e+12 Hz,,6500000000.0,,,,,,0.0042,2942306000000.0,2930000000000.0,,,1284000.0,1284000.0,0.7998627493097795,,M87,12000000000000.0,0.85266467315053
NED 1994PrivC.U..J....K 3.00e+12 Hz,,6500000000.0,,,,,,0.0042,3012600000000.0,3000000000000.0,,,1284000.0,1284000.0,0.7998627493097795,,M87,12000000000000.0,0.85266467315053
NED 2010A&A...518L..53B 3.00e+12 Hz,,6500000000.0,,,,,,0.0042,3012600000000.0,3000000000000.0,,,1284000.0,1284000.0,0.7998627493097795,,M87,12000000000000.0,0.85266467315053
NED 1988AJ.....95...26G 3.00e+12 Hz,,6500000000.0,,,,,,0.0042,3012600000000.0,3000000000000.0,,,1284000.0,1284000.0,0.7998627493097795,,M87,12000000000000.0,0.85266467315053
NED 2017A&A...605A..74K 3.33e+12 Hz,,6500000000.0,,,,,,0.0042,3343986000000.0,3330000000000.0,,,1284000.0,1284000.0,0.7998627493097795,,M87,12000000000000.0,0.85266467315053
NED 2009ApJ...695....1T 4.20e+12 Hz,,6500000000.0,,,,,,0.0042,4217640000000.0,4200000000000.0,,,1284000.0,1284000.0,0.7998627493097795,,M87,12000000000000.0,0.85266467315053
NED 2009ApJ...707..890T 4.20e+12 Hz,,6500000000.0,,,,,,0.0042,4217640000000.0,4200000000000.0,,,1284000.0,1284000.0,0.7998627493097795,,M87,12000000000000.0,0.85266467315053
NED 2007ApJ...655..781S 4.20e+12 Hz,,6500000000.0,,,,,,0.0042,4217640000000.0,4200000000000.0,,,1284000.0,1284000.0,0.7998627493097795,,M87,12000000000000.0,0.85266467315053
NED 2007ApJ...655..781S 4.20e+12 Hz,,6500000000.0,,,,,,0.0042,4217640000000.0,4200000000000.0,,,1284000.0,1284000.0,0.7998627493097795,,M87,12000000000000.0,0.85266467315053
NED 2017A&A...605A..74K 4.61e+12 Hz,,6500000000.0,,,,,,0.0042,4629362000000.0,4610000000000.0,,,1284000.0,1284000.0,0.7998627493097795,,M87,12000000000000.0,0.85266467315053
NED 1990IRASF.C...0000M 5.00e+12 Hz,,6500000000.0,,,,,,0.0042,5021000000000.0,5000000000000.0,,,1284000.0,1284000.0,0.7998627493097795,,M87,12000000000000.0,0.85266467315053
NED 1994PrivC.U..J....K 5.00e+12 Hz,,6500000000.0,,,,,,0.0042,5021000000000.0,5000000000000.0,,,1284000.0,1284000.0,0.7998627493097795,,M87,12000000000000.0,0.85266467315053
NED 1988AJ.....95...26G 5.00e+12 Hz,,6500000000.0,,,,,,0.0042,5021000000000.0,5000000000000.0,,,1284000.0,1284000.0,0.7998627493097795,,M87,12000000000000.0,0.85266467315053
NED 2007ApJ...663..808P 8.95e+12 Hz,,6500000000.0,,,,,,0.0042,8987590000000.0,8950000000000.0,,,1284000.0,1284000.0,0.7998627493097795,,M87,12000000000000.0,0.85266467315053
NED 2017ApJ...838..139S 5.50e+09 Hz,,4150000.0,,,,,,0.0,5500000000.0,5500000000.0,,,0.0,246000.0,0.1612678741523361,,Sgr A*,38000000000.0,2.294039499382748
NED 2007AJ....133.2487P 2.20e+10 Hz,,4150000.0,,,,,,0.0,22000000000.0,22000000000.0,,,0.0,246000.0,0.1612678741523361,,Sgr A*,38000000000.0,2.294039499382748
NED 2007AJ....133.2487P 2.20e+10 Hz,,4150000.0,,,,,,0.0,22000000000.0,22000000000.0,,,0.0,246000.0,0.1612678741523361,,Sgr A*,38000000000.0,2.294039499382748
